src_origin_id,dst_origin_id,edge_type,jine1,jine2,jine3,jine4
8175831,14946516,3,90,119,292,361
4473097,56227637,3,59,147,252,364
84288291,87169484,3,32,116,256,382
47694675,57899435,3,76,187,213,335
55156021,30426367,3,45,162,270,385
85859342,20139115,3,4,142,211,322
56581181,25116789,3,10,129,289,366
74537695,71637063,3,97,156,233,378
66077234,79274490,3,64,116,288,318
48043921,79318025,3,70,129,276,350
51393446,97561064,3,3,197,276,396
77109152,49151534,3,24,102,251,326
30296202,71637063,3,88,190,220,378
28202536,26561160,3,48,108,292,310
11894572,15159568,3,46,142,217,354
75002527,73943821,3,95,184,235,364
94698023,95451477,3,95,104,253,370
64464013,11894572,3,58,174,299,395
5910888,95599888,3,49,128,203,328
12723760,14792297,3,68,136,269,394
88981662,47071518,3,45,131,242,395
99351939,55251756,3,56,188,235,373
43731767,68775273,3,34,160,280,362
1303155,31664255,3,16,154,254,320
67645135,80229649,3,74,199,297,393
62508360,86821120,3,82,108,275,379
13036784,45499241,3,97,135,231,389
62225706,34297417,3,24,196,225,345
18764772,88317586,3,50,102,295,358
37980652,49505243,3,93,122,229,369
1197918,20688731,3,86,132,227,302
21086364,65771857,3,23,176,272,308
58340233,36141023,3,48,183,220,316
5750662,91483642,3,29,167,296,393
69987535,13210892,3,5,113,224,399
84672707,77109152,3,27,188,279,364
2938645,75085287,3,87,170,235,305
59979087,53990165,3,87,180,264,330
50405260,18956374,3,24,140,212,387
34644971,11852755,3,49,140,271,380
57619318,43422077,3,98,177,296,307
48587723,99521999,3,93,195,218,374
91157005,47030957,3,50,195,274,349
53208998,69236877,3,28,141,271,319
14812650,8037069,3,63,146,266,323
20756767,99676093,3,34,129,260,328
58340233,58477116,3,34,161,260,310
53943819,39992385,3,50,148,255,354
13588140,39992385,3,4,137,243,323
88677902,31824718,3,67,146,239,315
52564440,19066394,3,51,130,253,311
86821120,99521999,3,19,189,270,350
31303766,33679470,3,36,174,289,337
2015515,20714438,3,48,154,256,301
27800418,5690467,3,79,161,295,327
73598248,54453934,3,62,146,294,384
35312721,31501038,3,21,122,282,392
4294049,78128030,3,9,154,270,381
18956374,21109584,3,7,138,203,360
51234426,51223342,3,3,194,212,338
4293435,62295681,3,33,106,238,318
36141023,37980652,3,23,110,240,353
34097118,23490241,3,14,157,299,374
25248144,94953815,3,3,129,276,398
67454945,68330823,3,28,135,259,371
36858623,4634419,3,44,131,240,372
76622964,4473097,3,33,129,208,389
69398472,76863896,3,13,110,236,354
51703877,98831516,3,38,145,295,383
37532641,24460567,3,25,184,267,329
14355256,55182740,3,44,188,299,345
24908625,48587723,3,53,143,288,395
27410436,57619318,3,63,199,264,325
22473229,72883533,3,70,106,268,384
15868038,71637063,3,3,158,281,310
18764772,59222463,3,91,153,208,348
61204358,79002309,3,69,125,257,339
1194755,40515932,3,67,112,256,342
82316203,27047919,3,23,179,229,317
36638392,58383160,3,78,127,295,374
2588939,44077335,3,55,119,299,315
18770728,19686554,3,30,120,229,396
22987690,95912131,3,41,193,259,341
73943821,91811609,3,94,180,257,380
39952079,73422138,3,84,140,269,394
9820833,35833182,3,73,121,218,327
27507043,88963563,3,67,149,293,336
93508628,9519342,3,1,182,265,323
91238301,15960857,3,96,130,242,385
28252053,75028875,3,78,125,293,381
86143897,18203025,3,24,128,203,395
15960857,28164398,3,14,164,204,363
56389689,66180684,3,67,170,200,382
77738881,49738747,3,51,167,283,314
77570634,28622226,3,95,167,277,363
24241514,52884794,3,78,113,214,363
73353746,25717661,3,89,152,246,399
60870059,15159568,3,84,141,259,301
37097757,46780709,3,7,197,218,395
13599980,2361129,3,12,129,282,315
2411084,90233535,3,79,163,280,380
14398967,23745026,3,21,140,271,388
1368680,15868038,3,66,137,280,337
74345801,34321551,3,65,186,202,322
66159459,29715000,3,46,124,249,353
36903596,2060106,3,35,167,207,371
57701748,84578254,3,11,191,265,392
39202072,72866661,3,5,119,228,326
13382034,1303155,3,41,194,281,330
44166847,79002309,3,62,153,205,392
34452965,49819075,3,84,183,274,391
47816357,7854492,3,62,153,286,328
14519056,14037535,3,8,113,215,386
5630479,46274912,3,29,105,218,335
37113338,99521999,3,73,187,201,374
10403480,75033688,3,69,181,249,363
18667655,84288291,3,48,190,247,387
40454923,31303766,3,3,136,275,339
13599980,38301746,3,57,133,225,395
82080429,41432282,3,43,132,262,348
46750376,86504213,3,96,154,256,360
70610490,80566825,3,9,164,283,376
76576897,87427494,3,83,148,273,313
22517280,43673731,3,30,181,250,383
55741106,60296550,3,51,159,298,379
83827776,3074228,3,25,118,261,360
37798408,7733802,3,2,141,275,368
93918643,86532794,3,45,110,287,337
92523951,48983647,3,82,161,296,344
37980652,48983647,3,3,136,285,311
90959556,83220631,3,91,186,230,365
69942708,34321551,3,35,187,259,346
5630479,55182740,3,49,147,290,360
53845671,5873920,3,70,104,242,394
2082967,36495345,3,82,183,287,354
34423766,57514371,3,55,107,211,369
2015515,27028477,3,10,158,268,308
72866661,86198845,3,20,198,216,379
13210892,5873920,3,26,122,238,357
2411084,77440365,3,2,111,247,364
27028477,53748402,3,16,111,201,368
80889253,77566275,3,75,118,214,324
71500220,47380519,3,70,193,229,331
48328879,41451464,3,23,133,252,312
66779712,19351851,3,92,125,266,323
69987535,1303155,3,85,191,240,350
27649656,62693492,3,14,187,208,380
43673731,13857148,3,40,192,207,365
84474217,73696441,3,64,183,216,345
34815842,45030044,3,17,196,290,386
35775748,27159196,3,92,180,212,371
98423772,50250153,3,91,110,211,314
18463157,53630767,3,63,190,250,360
40543553,9939980,3,87,149,238,355
50960045,19469488,3,5,153,203,304
9519342,89907535,3,68,140,282,346
16611799,40486866,3,44,159,275,360
27649656,24192935,3,53,134,277,364
46724148,77047788,3,7,195,228,375
18047370,61204358,3,16,166,271,374
55852776,37923579,3,6,170,215,333
38455192,74073030,3,80,165,222,302
99500546,34815842,3,56,116,243,387
40406738,33717332,3,85,178,221,348
21547462,49505243,3,33,160,266,338
51223342,13464414,3,27,153,268,306
20688731,46725166,3,64,182,215,327
18956374,31437775,3,68,161,206,373
76990275,11539379,3,98,132,271,355
86888137,48587723,3,55,133,213,300
4434952,93520137,3,42,167,206,376
37593271,73353746,3,18,166,236,368
30296202,52519746,3,73,190,251,391
21086364,92075168,3,75,109,240,344
62693492,47322095,3,22,153,206,308
47030957,62325005,3,1,139,221,359
9519342,20525355,3,9,132,287,327
31840240,51393446,3,60,190,274,393
78010500,55566923,3,14,109,220,358
94781198,2079460,3,95,143,254,318
43231809,56202252,3,21,109,243,375
74540377,39025106,3,53,195,266,337
10297694,75085287,3,50,106,212,397
40120676,68607030,3,56,166,230,347
34508366,55156021,3,31,127,235,345
15177236,97707645,3,35,171,237,332
38455192,30599608,3,39,186,237,384
93533308,74073030,3,28,173,206,357
93533308,93123777,3,50,193,247,334
54424487,97258118,3,13,175,233,372
52884794,46378272,3,81,134,280,377
72659566,57619318,3,22,106,264,306
41103028,22473229,3,49,126,262,346
88317586,13588140,3,98,105,241,348
93402621,43355934,3,98,105,216,397
17230691,70052585,3,3,183,290,312
40406738,11362907,3,63,175,273,331
80889253,86295256,3,27,176,280,335
45499241,13286828,3,62,199,241,372
53990165,81938027,3,87,139,268,338
1303155,36964396,3,7,154,261,353
91453235,65719857,3,68,136,208,332
37502990,69018752,3,87,180,250,318
55731160,66655833,3,41,163,208,361
19469488,17230691,3,69,182,271,385
8681781,87689366,3,1,183,283,393
36964396,41372708,3,92,174,262,321
99099551,4725174,3,58,183,232,334
2082967,78134743,3,73,120,224,369
39135566,91157005,3,53,179,222,302
73458571,57361282,3,44,122,270,326
49819075,96770974,3,4,140,260,384
23869190,55378606,3,93,181,243,358
57849437,90430454,3,30,142,263,342
96365107,46724148,3,66,107,280,387
85626932,78693286,3,17,177,219,315
6159312,77905676,3,55,144,227,308
75906761,31184430,3,25,117,242,363
56904407,35144728,3,58,163,217,342
95826133,95451477,3,1,191,201,378
57335448,15566006,3,8,121,204,308
91453235,35048202,3,11,186,233,395
1208580,98571925,3,62,161,299,345
84288291,11255584,3,38,187,296,327
15159568,69942708,3,92,104,201,376
23384883,97561337,3,26,198,250,313
54737719,5536379,3,60,137,269,399
84474217,45499241,3,58,195,229,341
77905676,88210518,3,8,112,282,309
47071518,18192833,3,41,155,292,327
43856074,79378362,3,22,104,262,394
39992385,24395226,3,12,170,239,301
15566006,89955490,3,66,171,222,305
72921814,42907477,3,34,182,254,301
35312721,32627895,3,89,196,221,316
26984970,78040011,3,46,194,266,381
52874087,43355934,3,68,179,278,349
11001171,34097118,3,90,137,285,338
18729173,16384919,3,21,168,207,302
51393446,79229286,3,30,151,201,325
47322095,93490592,3,15,119,270,340
13976828,82316203,3,24,132,267,305
21086364,45990138,3,47,179,247,354
80889253,31437775,3,51,117,275,317
40380082,9034827,3,23,136,279,374
53797524,1356835,3,94,183,280,355
72866661,51094488,3,44,102,293,338
93490592,11539379,3,46,117,285,381
80303223,37784701,3,99,192,273,307
20098891,40380082,3,30,169,239,312
20153226,35080194,3,98,104,286,364
52309191,3043561,3,72,149,240,320
66335041,48945237,3,58,107,286,378
36858623,90213016,3,91,173,206,348
81404877,91788417,3,28,195,242,315
24918530,18463157,3,14,158,287,331
91412744,36903596,3,19,160,268,392
32627895,32009498,3,69,143,238,359
68005345,79318025,3,93,173,276,369
14812650,1725157,3,51,157,276,347
35048202,85859342,3,27,109,259,340
32231430,29848328,3,38,106,260,384
19066394,34452965,3,7,130,296,335
84288291,13286828,3,52,187,296,310
42160804,58073310,3,20,147,216,392
77738881,83718079,3,96,166,222,398
45499241,91611215,3,51,141,237,386
7625930,89907535,3,86,157,222,326
19855302,74301887,3,93,134,221,315
68421828,73422138,3,41,164,288,398
70580769,13036784,3,49,110,230,347
15592600,90357232,3,79,108,231,314
27649656,37187658,3,8,194,203,313
18203025,28485269,3,59,155,283,343
95599888,5690467,3,4,103,250,341
96337383,94658761,3,8,124,219,396
53630767,53073540,3,33,183,215,339
57335448,94781198,3,38,139,238,343
62073330,7077999,3,52,172,216,317
98280332,66447833,3,9,119,239,387
49267308,19469488,3,25,167,287,385
4836298,93516836,3,71,104,283,336
23869190,3358929,3,67,161,211,372
37593271,29942286,3,41,145,209,352
28276674,47357817,3,21,196,262,393
94352667,39697097,3,56,197,230,319
44383413,72661267,3,46,149,286,339
31664255,33451035,3,21,117,219,322
86727847,41512662,3,55,151,270,336
60106139,35775748,3,99,135,267,322
4293435,98623703,3,54,187,203,300
24192935,55156021,3,71,157,266,328
91412744,35911711,3,49,113,225,340
22987690,66224027,3,92,144,275,371
46703176,69214312,3,50,167,216,398
71830144,21527628,3,69,153,219,311
23818251,27221222,3,85,170,279,371
37980652,33574826,3,32,139,215,369
52300434,85634252,3,55,103,232,393
49078377,34834363,3,37,181,270,312
72603326,7658303,3,51,111,228,394
41870667,13420322,3,74,172,210,308
53845671,86143897,3,52,155,270,337
39376211,89100001,3,8,131,240,343
96842086,29682545,3,87,125,233,370
52300434,52782485,3,68,126,282,378
62002370,84672707,3,14,182,238,372
47816357,93777472,3,13,189,295,337
93590592,94666103,3,19,105,218,351
79318025,18203025,3,81,108,201,312
59222463,45316543,3,99,100,270,349
51223342,52564440,3,84,161,280,343
26984970,46695055,3,70,120,241,362
47699636,59222463,3,1,186,210,349
67919441,56536881,3,89,105,204,300
46274912,47497170,3,93,112,248,337
44852679,31664255,3,10,148,254,386
71317039,37707198,3,78,107,297,341
85859342,72055385,3,37,175,242,357
37097757,5873920,3,93,186,240,388
73353746,23851662,3,13,192,228,371
91611215,81752722,3,63,117,206,378
85506287,31678190,3,75,111,253,333
32009498,51393446,3,20,116,208,319
40486866,26321046,3,75,164,238,309
19351851,46378272,3,98,195,260,398
21535596,38722955,3,60,195,231,366
49151534,45274356,3,46,116,270,364
5873920,54765901,3,85,196,289,348
19686554,96839884,3,5,107,229,329
80290923,14355256,3,16,146,227,304
99521999,57345100,3,36,171,259,387
96067012,68421828,3,99,120,238,340
75483667,73696441,3,85,182,234,337
10828241,65133803,3,9,131,200,311
4634419,82594062,3,12,185,241,389
89342046,27028477,3,6,113,248,391
57303434,24547668,3,98,173,225,350
31664255,46378272,3,9,109,209,326
83282296,14988572,3,1,142,251,353
48408624,70580769,3,48,194,239,379
18956374,72661267,3,9,109,231,301
62230473,94658761,3,17,106,212,348
14792297,2060106,3,47,160,246,347
34423766,62443889,3,5,180,214,376
88981662,24395226,3,70,120,218,340
55182740,2079460,3,57,192,238,374
28252053,93918643,3,70,123,289,383
68692189,12968253,3,15,127,218,376
18443315,86143897,3,19,103,216,373
18192833,40515932,3,48,190,265,358
91611215,31664255,3,67,186,283,395
78134743,11852755,3,62,154,294,312
74454416,63412296,3,33,124,276,357
57619318,74834033,3,69,125,210,357
94666103,59726120,3,3,197,200,335
83224282,10114522,3,98,105,205,302
45315576,80204676,3,30,122,250,385
20688731,38722955,3,6,114,282,365
15960857,50447883,3,62,107,213,382
91483642,49151534,3,28,121,296,333
19391323,66736711,3,68,159,280,375
72883533,66159459,3,99,106,274,351
92010362,14988572,3,88,149,275,300
36193280,74548654,3,32,141,287,343
81951877,91858045,3,8,177,209,321
49941591,73953635,3,58,108,237,367
45316543,78128030,3,59,169,299,389
4634419,37509398,3,30,100,262,383
30426367,95912131,3,71,194,208,346
53411021,17237660,3,28,159,229,380
96770974,62295681,3,82,134,255,376
2079460,47603926,3,30,196,284,314
48043921,26555355,3,93,102,221,371
18203025,12432298,3,98,178,224,371
12723760,70971988,3,82,178,240,335
98571925,39697097,3,30,190,286,387
77276493,4449259,3,5,192,270,392
55251756,6902281,3,28,160,271,352
4473097,23745026,3,26,150,221,381
12330213,21547462,3,32,125,202,353
10403480,48408624,3,32,162,219,344
50250153,1654993,3,16,176,288,351
65747885,18956374,3,90,102,257,352
91456262,67645135,3,27,196,277,386
79655133,10297694,3,18,161,228,352
66447833,47322095,3,77,198,231,335
23490241,4725174,3,11,187,272,389
47380519,37923579,3,69,169,297,363
21109584,16255469,3,39,183,225,308
62230473,70052585,3,63,170,259,311
16364896,4520873,3,53,130,276,380
58340233,30426367,3,98,174,232,398
1195942,42160804,3,47,150,219,338
42233067,95906696,3,87,124,215,331
95184348,87912003,3,41,127,290,321
34834363,20098891,3,77,191,269,315
76554114,95912131,3,72,142,239,363
58477116,66447833,3,10,147,213,331
69736669,77566275,3,70,136,224,362
96007668,8027034,3,86,119,288,377
52884794,24241514,3,41,193,232,303
81137909,78412165,3,74,104,265,310
89829116,87689366,3,90,192,251,388
1654993,45274356,3,76,194,287,303
66655833,15960857,3,30,148,271,342
2967861,59698456,3,68,169,285,336
39376211,27565620,3,88,191,258,316
79364590,84474217,3,37,159,234,336
67802809,50096137,3,43,149,219,358
70971988,18956374,3,59,164,282,326
11311771,81137909,3,47,112,294,373
24908625,50937583,3,39,122,260,323
24918530,55741106,3,78,106,222,353
66539797,54453934,3,12,152,275,399
19391323,29942286,3,48,124,274,349
62443889,32627895,3,72,147,271,312
13420322,59071361,3,78,160,234,358
39697097,65025018,3,17,182,255,364
63412296,89046641,3,25,178,233,379
53951419,1356835,3,24,144,205,393
86143897,11894572,3,87,163,289,376
43856074,72055385,3,43,116,218,328
18443315,69018752,3,66,182,241,341
4294049,57655210,3,49,197,239,308
13727596,14792297,3,68,156,299,356
42254850,95912131,3,3,102,275,322
30426367,5536379,3,3,194,210,357
91858045,68607030,3,5,157,236,327
45335172,76671007,3,59,112,252,358
2490822,14988572,3,14,122,275,372
91412744,89907535,3,49,114,250,371
15177236,11894572,3,86,142,226,310
45906853,90233535,3,5,179,227,390
26561160,31385488,3,31,157,221,363
49941591,84288291,3,76,123,290,399
88608944,77109152,3,57,155,210,360
24244207,62443889,3,98,186,220,395
50096137,94794415,3,32,127,223,375
19391323,56556431,3,11,191,259,375
24918530,55566923,3,46,128,242,304
56556431,20139115,3,92,180,271,301
75252712,44591337,3,95,144,204,306
41512662,2079460,3,88,129,223,303
82316203,52926870,3,42,113,243,326
57899435,54453934,3,8,190,275,334
18979483,46145472,3,13,152,281,385
94352667,87491664,3,44,171,285,300
19351851,97388623,3,61,156,201,356
96376171,26561160,3,16,150,241,378
23383243,43673731,3,33,176,202,325
47603926,38415243,3,46,152,217,340
96337383,79670402,3,77,102,263,353
93918643,1194755,3,21,139,223,341
65719857,88404888,3,33,160,208,319
35803587,74776829,3,53,129,226,380
68780466,33574826,3,84,101,277,318
36903596,89853089,3,1,160,291,339
22517280,53990165,3,9,152,238,325
61390425,13296659,3,58,100,229,363
28516216,61204358,3,12,106,211,358
86888137,44383413,3,13,101,290,333
41170770,76576897,3,73,172,232,346
73422138,3074228,3,75,150,299,394
29848328,24460567,3,84,159,242,362
52477331,32627895,3,54,132,241,311
98280332,77440365,3,92,181,260,394
54765901,1303155,3,80,171,214,387
46724148,82594062,3,6,152,281,357
2490822,2938645,3,93,140,226,350
37655465,88210518,3,46,156,272,384
59222463,67919441,3,13,148,242,368
88981662,99250304,3,84,108,294,370
63514877,25717661,3,44,120,246,365
53348312,17264768,3,56,151,292,303
15159568,89660514,3,92,110,279,399
20153226,61962881,3,85,111,278,316
93520137,32627895,3,48,195,277,366
53596992,24244207,3,9,186,205,319
31146018,69214312,3,3,120,268,365
86198845,6344277,3,50,108,221,372
95912131,93508628,3,77,103,280,300
96365107,96913349,3,18,134,204,327
27082796,38722955,3,66,187,264,339
45274356,99483905,3,77,163,254,381
96842086,66159459,3,27,178,244,368
24918530,29470027,3,72,189,286,357
77738881,55731160,3,90,129,272,363
56556431,29133967,3,47,128,243,370
62343415,85634252,3,23,180,268,398
49151534,41103028,3,96,188,207,336
16364896,1208580,3,13,168,256,355
57361282,12723760,3,41,185,295,365
32042730,28202536,3,19,108,293,326
57701748,71500220,3,76,165,281,349
42365909,10403480,3,77,118,217,334
50405260,4634419,3,44,177,224,330
30296202,51094488,3,77,140,272,360
94106030,70580769,3,3,170,230,367
63105010,13286828,3,45,157,225,339
7488421,20688731,3,72,182,203,356
26749403,76671007,3,78,187,228,333
14398967,14812650,3,4,182,277,373
95482810,52998304,3,59,124,273,389
65747885,49819075,3,99,130,268,349
67010076,76415424,3,84,178,278,333
49505243,51372304,3,43,121,235,335
91833240,18764772,3,42,175,270,359
54453934,76622964,3,10,177,272,319
65639044,8693754,3,59,150,295,358
3838367,75906761,3,64,160,287,317
86652557,27159196,3,44,102,274,355
52669852,14726151,3,26,199,235,390
9939980,77566275,3,39,147,200,354
46596747,79378362,3,13,157,210,311
38455192,32050951,3,68,197,249,350
34423766,59222463,3,39,147,200,371
77047788,6539683,3,52,197,210,373
42233067,18956374,3,69,152,289,334
91372340,8693754,3,64,144,234,312
28404703,27028477,3,97,151,287,370
23851662,7077999,3,73,121,266,363
33220064,20268165,3,62,114,257,320
21086364,68920491,3,31,191,282,338
35312721,65688446,3,56,121,273,330
49532085,33679470,3,79,153,213,394
1725157,62073330,3,99,158,216,379
20098891,28516216,3,13,126,224,390
7519652,56556431,3,24,164,289,390
5536379,96366532,3,16,198,243,365
97561064,9034827,3,12,147,219,358
8934676,34097118,3,73,185,269,360
41809047,29450849,3,88,157,238,388
47497170,34097118,3,50,157,274,355
8383150,83282296,3,94,185,241,341
89829116,86652557,3,30,155,203,347
82080429,25637186,3,90,125,286,353
79841776,53797524,3,49,157,241,311
63965515,5248334,3,4,162,254,308
39992385,5853950,3,95,193,249,337
51852077,62343415,3,12,143,255,335
87427494,56263795,3,15,183,213,367
97571236,96007668,3,25,130,284,373
89524471,29715000,3,40,109,245,303
2015515,69214312,3,53,161,217,352
67010076,76863896,3,68,194,289,339
59726120,52669852,3,94,155,200,349
36110397,93402621,3,11,190,286,335
79318025,30427337,3,67,107,204,365
37707198,52669852,3,86,120,289,380
29470027,67726424,3,74,141,233,366
89100001,67010076,3,50,159,233,332
31577392,47694675,3,16,172,272,376
31184430,12432298,3,12,142,271,392
54765901,25513924,3,69,102,243,338
50900292,46750376,3,47,177,215,376
97271167,26664569,3,18,148,217,352
26555355,4294049,3,53,128,232,390
76554114,61825754,3,18,186,284,373
67454945,40515932,3,93,130,246,302
53596992,28000741,3,39,122,250,398
90233535,97258118,3,48,125,272,322
1740252,52874087,3,26,172,265,308
68775273,57345100,3,91,122,237,395
97561337,14851583,3,96,144,287,389
21547462,67282173,3,43,174,229,355
78128030,31678190,3,72,136,290,372
74512676,94352667,3,93,192,284,364
37509398,6344277,3,11,191,247,360
30426367,71830144,3,80,109,226,315
9820833,90357232,3,71,103,287,392
62693492,25637186,3,10,143,204,328
48408624,85225525,3,91,186,246,346
81752722,47322095,3,20,116,278,346
57655210,39135566,3,19,171,234,380
35144728,68607030,3,45,105,261,335
26664569,21109584,3,67,104,293,381
71919802,21535596,3,86,118,287,324
61296415,89342046,3,58,115,259,389
50937583,20756767,3,92,114,204,396
57345100,8710793,3,15,155,256,370
4293435,98378496,3,64,104,271,318
19469488,2082967,3,75,124,261,359
78412165,33827959,3,85,112,278,346
24257672,74158023,3,93,124,226,344
53208998,23383243,3,23,156,231,343
14946516,18729173,3,81,122,296,331
2082967,28000741,3,10,156,222,338
9886484,58073310,3,47,172,203,359
3867226,49941591,3,99,127,200,318
73825960,74776829,3,33,148,253,368
30599296,35312721,3,84,189,206,368
68692189,89907535,3,57,165,266,358
47080409,31385488,3,7,163,233,354
86295256,7519652,3,95,198,220,323
81058936,43231809,3,46,146,260,322
24460567,13966957,3,50,152,238,358
4434952,20818552,3,61,130,215,328
43731767,84016892,3,40,177,277,356
95599888,89524471,3,40,107,256,305
31678190,68118235,3,77,169,286,374
51234426,67802809,3,34,123,206,393
1783071,97707645,3,55,173,204,343
50405260,79362409,3,20,139,263,362
62073330,14778582,3,9,105,215,394
55610373,89955490,3,52,116,286,332
29952687,51986577,3,39,153,212,304
17292874,74834033,3,50,155,227,398
13296659,1195942,3,71,100,206,329
44077335,25809596,3,68,103,256,378
77905676,74512676,3,20,127,232,317
92010362,53943819,3,73,135,251,391
36858623,37556663,3,58,190,289,347
32042730,98280332,3,7,108,263,355
57335448,1368680,3,27,125,284,383
80303223,14778582,3,89,168,220,392
24944608,18764772,3,77,166,260,399
36527641,45274356,3,27,149,239,362
13599980,18667655,3,17,143,277,343
36638392,58685182,3,54,181,267,370
20098891,98571925,3,32,163,207,327
66736711,6310965,3,65,159,278,337
75252712,57335448,3,92,189,210,339
75906761,93533308,3,25,150,206,345
3074228,99720713,3,25,155,227,366
28485269,14130343,3,40,121,208,302
7854492,61296415,3,41,150,200,340
79378362,48983647,3,65,185,215,359
47898875,43355934,3,76,120,230,395
43731767,1208580,3,55,166,257,304
75085287,81404877,3,44,188,251,393
46750376,96337383,3,28,184,264,384
66159459,1197918,3,55,106,273,362
54424487,65639044,3,64,162,202,311
40515932,50900292,3,58,184,272,367
31520365,95599888,3,23,187,214,390
2588939,62425525,3,57,126,299,366
30427337,3912027,3,9,173,202,368
27028477,57899435,3,41,136,242,318
7488421,55731160,3,68,199,257,339
19686554,66180684,3,94,145,269,316
56536881,37113338,3,94,122,230,339
93918643,26996372,3,11,113,284,382
41343948,84672707,3,86,132,233,328
78040011,93918643,3,8,146,237,321
81058936,81605408,3,82,168,276,326
36964396,98005269,3,25,181,247,332
81605408,27082796,3,4,180,204,327
80229649,31501038,3,27,137,235,397
25513924,40641501,3,88,108,278,368
99431405,28202536,3,56,107,254,350
8037069,70983004,3,4,178,263,318
99894281,91883290,3,15,139,299,391
6683133,28622226,3,5,136,299,333
14519056,77276493,3,65,129,208,389
72741122,24547668,3,64,189,215,339
2253877,13976828,3,82,127,230,339
69942708,20559342,3,57,105,271,379
91238301,99431405,3,41,158,248,385
2967861,93918643,3,32,167,299,367
34097118,11782869,3,9,148,253,347
67645135,53990165,3,23,167,248,386
7519652,13422367,3,79,107,275,349
65025018,33827959,3,67,108,242,380
14988572,73943821,3,13,193,287,369
93520137,93777472,3,95,172,256,347
2015515,29848328,3,75,193,253,384
34834363,73953635,3,71,119,260,336
53797524,80303223,3,90,171,268,366
49267308,37784701,3,33,142,292,351
60296550,39952079,3,27,114,237,398
19855302,74879002,3,43,173,203,380
28164398,73598248,3,16,119,214,337
69987535,91456262,3,48,145,286,316
71428421,21547462,3,51,176,260,337
1194755,11255584,3,11,106,256,367
75002527,5536379,3,75,157,285,328
54424487,24871513,3,94,114,295,304
91539636,55845924,3,63,160,288,355
2079460,65133803,3,98,195,206,377
80397737,2060106,3,20,141,230,353
45316543,44077335,3,26,141,286,366
75483667,27047919,3,43,192,209,364
55566923,22473229,3,93,195,228,322
96842086,11852755,3,92,109,250,305
1356835,81951877,3,79,161,221,319
69398472,68692189,3,27,164,213,336
67726424,95451477,3,15,158,227,362
92523951,67645135,3,86,121,222,357
94698023,54044477,3,14,131,251,358
54574136,11198280,3,94,180,231,380
44383413,91858045,3,14,177,291,388
58340233,74454416,3,12,103,271,373
65394187,61962881,3,47,119,233,323
68692189,81310739,3,91,187,298,366
5690467,72741122,3,83,142,260,313
59726120,27028477,3,69,115,246,335
22517280,93520137,3,95,139,270,338
65747885,31303766,3,41,114,264,326
10941305,45316543,3,48,110,279,332
5910888,94352667,3,64,107,287,339
1013990,58383160,3,60,159,215,342
34423766,99099551,3,81,173,298,308
35623783,92075168,3,28,159,282,375
58496287,68089076,3,33,151,214,334
73598248,38643000,3,1,117,204,319
14851583,74158023,3,91,196,294,390
16384480,90279207,3,25,174,281,356
61229605,19066394,3,62,159,276,317
63412296,15868038,3,36,180,227,361
39697097,91539636,3,10,159,205,371
62295681,64857112,3,9,174,227,318
41512662,39374992,3,65,179,201,373
93590592,11300062,3,65,169,286,311
37187658,93411439,3,9,145,276,332
54044477,70971988,3,16,130,206,372
90430454,60106139,3,39,104,228,306
41343948,24655996,3,68,130,208,376
77047788,23234376,3,56,151,210,341
13382034,47030957,3,9,153,215,311
75085287,46780709,3,59,134,282,353
11198280,76046588,3,99,160,296,359
13721129,27082796,3,82,199,299,350
93402621,47603926,3,29,169,297,387
58336122,39992385,3,33,130,279,380
31520365,40430147,3,77,150,292,391
51852077,37421444,3,76,111,287,318
79378362,77738881,3,42,155,214,337
35623783,65253049,3,7,189,266,335
78010500,70723339,3,1,194,239,343
8934676,5630479,3,62,131,233,344
99720713,9013426,3,86,126,202,347
95153062,5750662,3,21,125,235,362
79670402,44591337,3,49,177,212,393
13966957,41293120,3,83,190,214,335
39202072,72661267,3,67,199,235,384
63784743,97388623,3,29,191,272,370
86888137,20688731,3,1,139,240,364
4473097,30111815,3,84,124,265,397
8963040,51234426,3,9,181,203,336
62601383,25513924,3,24,107,262,366
14726151,74512676,3,74,138,286,399
78134743,78080024,3,31,137,238,305
49532085,20559342,3,51,131,228,314
78693286,61962881,3,66,152,263,373
74512676,73099558,3,38,117,218,375
38415243,28276674,3,94,135,298,391
11311771,67919441,3,29,181,226,398
37187658,84288291,3,17,197,226,388
94794415,88963563,3,70,174,223,323
43422077,4293435,3,1,143,296,300
76046588,18047370,3,74,108,238,334
57514371,91846905,3,2,174,206,372
88677902,38044575,3,31,162,216,350
58073310,34815842,3,88,126,259,393
68089076,13286828,3,81,142,263,320
37980652,62443889,3,7,100,279,388
65639044,76415424,3,49,101,277,312
54424487,14812650,3,60,123,266,364
4473097,31184430,3,83,151,266,384
7733802,24241514,3,88,182,297,367
88384564,77516821,3,98,174,245,372
71317039,63784743,3,47,176,208,384
27712783,74301887,3,26,106,233,396
30599608,75002527,3,80,146,216,365
19351851,2530370,3,51,191,208,351
36495345,8710793,3,61,158,281,379
11311771,15941972,3,41,116,206,399
11047977,7625930,3,55,103,243,366
12432298,35623783,3,40,155,280,366
97258118,10694337,3,4,183,203,398
40486866,45906853,3,43,134,258,398
70383408,95463441,3,50,118,245,316
93123777,53797524,3,3,194,292,339
73353746,8132271,3,35,148,290,371
36964396,7519652,3,46,185,281,391
15177236,69736669,3,29,103,205,335
5248334,41512662,3,77,150,227,367
81769175,53797524,3,48,199,267,332
4836298,13296659,3,55,119,280,328
8175831,35080194,3,97,179,260,344
13857148,37798408,3,95,175,278,340
62073330,67181841,3,6,176,251,303
25513924,50978393,3,48,146,228,351
17055521,27755228,3,76,113,296,386
32231430,46121993,3,77,104,268,353
13422367,31146018,3,19,171,213,335
2490822,75252712,3,21,118,252,329
23851662,88608944,3,34,189,226,384
79655133,63784743,3,3,183,202,329
29307751,83224282,3,1,108,204,322
37655465,25116789,3,82,127,277,327
43355934,80290923,3,90,155,229,335
66077234,8027034,3,74,123,244,341
42254850,35623783,3,79,148,254,362
86931192,29575344,3,7,161,210,304
66779712,78200169,3,73,134,209,367
91456262,83220631,3,7,117,253,387
89955490,47603926,3,69,141,275,393
95437743,55894453,3,2,165,276,341
91238301,11852755,3,91,118,242,395
25717661,69825660,3,46,198,241,300
84802060,57335448,3,87,119,227,353
73953635,46695055,3,75,164,298,330
8132271,62601383,3,4,111,272,329
94352667,62225706,3,42,180,260,383
84016892,80290923,3,70,189,287,353
31303766,52782485,3,72,103,218,373
87689366,21547462,3,22,128,281,392
31868927,7488421,3,22,100,204,340
74776829,93921337,3,90,123,278,357
41451464,5910888,3,25,113,281,302
99099551,29952687,3,78,175,223,319
51986577,11047977,3,93,124,257,370
34321551,66961566,3,42,174,248,303
88384564,5910888,3,92,147,256,301
7488421,25618985,3,37,112,296,388
13382034,38643000,3,68,192,251,364
48098723,38415243,3,98,163,222,386
36674503,28245948,3,69,194,248,378
40543553,74537695,3,21,163,213,364
85859342,62230473,3,9,118,216,380
8175831,65133803,3,14,134,281,391
87169484,47380519,3,46,134,281,362
14988572,84881540,3,70,196,215,323
26555355,21086364,3,82,140,296,340
71428421,78200169,3,41,110,219,327
71317039,65639044,3,91,184,216,382
83220631,6967232,3,41,122,232,300
32627895,5248334,3,64,161,210,363
73608067,78080024,3,41,119,266,316
52309191,56011104,3,35,108,233,333
67010076,94443498,3,4,188,210,334
5873920,66447833,3,92,159,202,351
91846905,14746998,3,65,157,274,336
5750662,38044575,3,1,155,231,392
95225549,30427337,3,56,101,269,399
97571236,47030957,3,19,191,234,375
45167728,71637063,3,70,103,220,370
92523951,76046588,3,12,165,290,342
36964396,25620224,3,51,173,292,385
94698023,34872913,3,19,104,294,311
8175831,10508065,3,65,157,263,381
79229286,98831516,3,88,170,200,319
10297694,45167728,3,43,181,253,325
2938645,68005345,3,76,166,231,374
23384883,21109584,3,4,122,286,327
53951419,91846905,3,5,193,219,308
40543553,14812650,3,81,170,200,397
29133967,5853950,3,20,171,250,333
91453235,41170770,3,35,157,241,347
48983647,41372708,3,81,124,242,394
8383150,14519056,3,55,107,253,305
1909339,42160804,3,25,156,214,358
96037627,82080429,3,86,161,220,390
39135566,2361129,3,4,148,253,316
25717661,53630767,3,73,193,296,339
30296202,1356835,3,61,160,246,366
58477116,66447833,3,99,133,202,326
26561160,6683133,3,74,187,222,386
38474399,88384564,3,57,138,293,356
68607030,27410436,3,22,196,202,335
83220631,44591337,3,60,154,256,361
75483667,30426367,3,2,154,269,391
32231430,8971088,3,7,121,219,363
42907477,47357817,3,10,157,224,361
14988572,28516216,3,26,187,213,325
48043921,51223342,3,96,121,219,351
68330823,58685182,3,40,112,215,395
45326656,53797524,3,51,151,253,306
74537695,24655996,3,49,124,216,384
13857148,1356835,3,18,178,207,334
67181841,28622226,3,95,120,289,310
32050951,27755228,3,38,146,251,361
49941591,14130343,3,72,172,280,351
43673731,51986577,3,4,132,212,365
94443498,3912027,3,67,103,212,390
79364590,23851662,3,5,122,216,387
46596747,47276999,3,62,184,280,385
2794837,91858045,3,8,160,216,380
52477331,29952687,3,12,115,246,338
81605408,55251756,3,6,107,285,310
86821120,2082967,3,97,178,277,337
33717332,92523951,3,70,138,252,300
76863896,66224027,3,60,188,223,392
10403480,2588939,3,69,148,200,332
74834033,10508065,3,36,183,272,315
37798408,46725166,3,36,153,236,337
82080429,53748402,3,24,173,280,342
77905676,15592600,3,55,195,250,324
41809047,34097118,3,32,198,259,340
4634419,74073030,3,14,174,297,372
95906696,25620224,3,90,198,294,306
31520365,31840240,3,19,135,236,350
66961566,88317586,3,9,196,261,351
67919441,37097757,3,32,152,218,382
17264768,73818897,3,15,140,289,368
22517280,30111815,3,90,132,248,335
31840240,4574185,3,24,183,270,328
82594062,18047370,3,35,118,274,351
77516821,65747885,3,27,185,216,300
2490822,68780466,3,37,101,278,390
83693176,76863896,3,39,123,201,346
80397737,73257134,3,74,154,269,364
83832488,79362409,3,35,163,216,323
47322095,69931260,3,21,114,242,365
65639044,95906696,3,62,161,237,314
61229605,3838367,3,47,155,210,339
91539636,48043921,3,57,168,206,306
87491664,2530370,3,82,103,248,343
73608067,40430147,3,29,118,290,369
90279207,29715000,3,15,180,227,397
53748402,33297132,3,52,124,214,305
63105010,80204676,3,81,135,270,350
18893070,11782869,3,51,156,232,347
31840240,3912027,3,87,196,239,308
12330213,96839884,3,98,187,258,345
74776829,22653104,3,46,198,296,327
50900292,57345100,3,54,103,213,343
10508065,95153062,3,79,163,296,387
88981662,89046641,3,14,157,267,380
30296202,7248464,3,1,157,267,382
36858623,79318025,3,81,183,236,387
81019816,94794415,3,40,190,286,326
9939980,34508366,3,8,142,251,368
66159459,58383160,3,49,189,297,303
57849437,71830144,3,19,178,271,361
10941305,66539797,3,71,130,295,337
61204358,46703176,3,2,172,236,350
40406738,92523951,3,9,133,292,317
71428421,24257672,3,96,155,218,388
21115640,54737719,3,46,140,281,363
38044575,68775273,3,55,113,277,304
61390425,8963040,3,53,162,202,301
81019816,42254850,3,68,103,245,300
71317039,66180684,3,80,197,253,332
14726151,74301887,3,50,146,288,322
1368680,14726151,3,32,193,224,334
32231430,81058936,3,40,169,280,324
41512662,65719857,3,16,147,267,385
14746998,74776829,3,40,162,288,378
80229649,27028477,3,1,189,250,380
96842086,95437743,3,67,126,283,366
27082796,77109152,3,32,174,273,348
42365909,65771857,3,17,134,219,321
45316543,29133967,3,4,110,273,346
5984696,96007668,3,67,158,257,390
73608067,63559877,3,31,158,208,372
13437593,37784701,3,70,156,242,307
1013990,81058936,3,49,172,266,316
62073330,62601383,3,66,147,264,332
84672707,22517280,3,57,193,269,380
85859342,79378362,3,73,133,254,310
72741122,46724148,3,77,185,276,325
39697097,89046641,3,71,162,258,305
83224282,54869247,3,30,165,202,333
37532641,91372340,3,17,142,202,310
57514371,13966957,3,58,102,247,379
45167728,98280332,3,88,150,266,347
37113338,25618985,3,17,117,283,303
48328879,23818251,3,57,159,237,382
55894453,12968253,3,94,109,224,317
83718079,11362907,3,19,119,255,399
20153226,5873920,3,19,118,296,326
11255584,18764772,3,6,125,221,312
27221222,13727596,3,88,155,252,348
9886484,18667655,3,69,166,267,382
39025106,17287080,3,36,186,258,325
62073330,26321046,3,92,134,279,363
33717332,19335029,3,27,118,242,340
50405260,95826133,3,33,167,213,381
55731160,21086364,3,16,187,287,363
13382034,13588140,3,36,196,211,351
20756767,27082796,3,4,133,231,370
4520873,71919802,3,88,172,270,346
34872913,45326656,3,1,108,221,320
12968253,88981662,3,70,128,212,342
10403480,56263795,3,77,125,266,313
7519652,22217366,3,75,139,283,374
51094488,97258118,3,16,132,249,370
35911711,66779712,3,44,157,244,389
40159475,3838367,3,43,142,233,327
80229649,33679470,3,69,164,251,344
45499241,1368680,3,21,112,261,359
67010076,77109152,3,26,173,284,343
79229286,68775273,3,82,134,278,333
15177236,67919441,3,51,188,212,387
81227891,30599296,3,89,170,281,322
69236877,5873920,3,31,172,283,374
18729173,20268165,3,50,146,230,333
6310965,46121993,3,38,153,284,321
36547107,4674558,3,59,197,282,391
39992385,52669852,3,78,133,280,311
94658761,30427337,3,12,171,266,350
20139115,6518014,3,65,196,293,301
40695972,59979087,3,11,107,232,347
88981662,89046641,3,98,102,205,335
95912131,80290923,3,74,157,237,398
8132271,79606521,3,20,119,299,367
34423766,40380082,3,2,136,245,325
8132271,57514371,3,4,184,207,333
4520873,24908625,3,36,179,286,327
40380082,39025106,3,3,192,218,334
33220064,19855302,3,43,101,280,337
28089126,41372708,3,38,174,225,329
55566923,2082967,3,51,166,263,336
26984970,31520365,3,84,196,271,378
93508628,46695055,3,2,131,268,318
93402621,51094488,3,27,128,215,386
41870667,3043561,3,94,162,262,361
39697097,31437775,3,81,158,210,333
40159475,96337383,3,37,192,252,371
80397737,44077335,3,10,143,298,345
97258118,23745026,3,79,120,235,335
12723760,86821120,3,73,125,267,313
37707198,22517280,3,87,107,286,386
50447883,40228913,3,49,176,291,381
14424506,44591337,3,25,196,230,386
37593271,13420322,3,51,145,206,317
87912003,96770974,3,44,160,231,315
27047919,78080024,3,65,113,254,324
69931260,48408624,3,13,179,223,363
29682545,34297417,3,9,196,211,374
36858623,18463157,3,99,103,281,376
97707645,50980172,3,21,176,212,394
97571236,41809047,3,70,165,279,398
82080429,35623783,3,19,140,275,381
24257672,89851872,3,43,191,241,390
71830144,30927371,3,10,156,264,320
20139115,23851662,3,62,169,290,361
50937583,78134743,3,50,129,233,314
47898875,20098891,3,44,100,253,303
74512676,54737719,3,15,181,228,374
80303223,67802809,3,39,135,277,362
39992385,9034827,3,19,110,260,390
95184348,33451035,3,86,118,279,353
40430147,2253877,3,58,158,251,392
55610373,45030044,3,52,185,297,393
95912131,90233535,3,96,192,295,348
38455192,33679470,3,7,186,243,306
98571925,81702523,3,36,147,247,336
91846905,31664255,3,77,120,259,389
88317586,67181841,3,52,106,220,308
91157005,16384919,3,87,122,203,354
41372708,61039156,3,62,123,232,391
54737719,90279207,3,89,123,206,310
36527641,13721129,3,99,121,293,378
80889253,3358929,3,20,191,242,348
96067012,31678190,3,47,169,214,388
96067012,25222999,3,62,198,240,349
76622964,58340233,3,33,167,219,393
48587723,22917596,3,11,193,293,346
65747885,81605408,3,38,163,271,392
94781198,45316543,3,70,182,292,373
42523283,30599608,3,4,134,212,322
38044575,14812650,3,21,112,220,303
56263795,34834363,3,30,140,294,363
10694337,1197918,3,7,156,274,338
34815842,62225706,3,79,116,266,374
4294049,64464013,3,25,131,200,399
27402171,78808114,3,33,195,255,394
32042730,46274912,3,56,199,249,355
3074228,6344277,3,68,168,218,308
45167728,25248144,3,81,110,270,377
33574826,34452965,3,22,180,235,351
58336122,39376211,3,61,133,286,396
35080194,2361129,3,32,179,225,352
31664255,41451464,3,82,164,288,333
53411021,97571236,3,91,133,295,301
81137909,60296550,3,43,133,270,387
95463441,43355934,3,94,127,282,356
16364896,33717332,3,19,192,279,332
11300062,73074388,3,66,170,250,306
72603326,76339936,3,72,112,237,340
25637186,46121993,3,89,148,217,326
83827776,3043561,3,57,132,281,317
95482810,10297694,3,5,106,278,309
93490592,6518014,3,46,151,238,399
94120065,3293181,3,32,114,285,343
10557084,80397737,3,1,123,200,333
26749403,7733802,3,51,107,275,311
25723014,24944608,3,50,136,208,396
68330823,27649656,3,17,130,217,377
25620224,71087673,3,82,169,296,396
53073540,39376211,3,33,151,258,349
51310197,52564440,3,93,180,255,372
72659566,4634419,3,37,126,281,330
85859342,80889253,3,23,196,269,314
89019807,87991063,3,46,141,233,332
12432298,31385488,3,38,188,222,320
60922370,25513924,3,79,130,292,369
58336122,96913349,3,17,184,200,304
55378606,77604210,3,36,103,200,388
26664569,89046641,3,43,160,244,308
3293181,43731767,3,88,145,293,393
53596992,36141023,3,70,174,276,318
73953635,66956270,3,92,191,214,376
94953815,25116789,3,32,136,269,379
79563067,31704221,3,32,111,268,371
39952079,37784701,3,17,180,264,349
13976828,77220873,3,76,112,292,375
13210892,52926870,3,91,156,226,312
94658761,55251756,3,67,106,256,305
66447833,50405260,3,80,140,279,339
47080409,88963563,3,14,105,295,365
91274177,85506287,3,34,123,203,306
58685182,69942708,3,46,108,210,364
30426367,73825960,3,18,187,286,386
58685182,43673731,3,2,134,278,305
2361129,4545244,3,57,133,226,375
79378362,40380082,3,61,172,269,310
73598248,59071361,3,3,107,273,336
52926870,35833182,3,20,178,221,334
7955754,34815842,3,22,159,232,372
45167728,94443498,3,30,152,252,381
43673731,84474217,3,29,125,206,329
9013426,33220064,3,52,172,242,326
37421444,48587723,3,16,114,232,327
47380519,39992385,3,48,181,259,366
52669852,12968253,3,87,114,212,397
41870667,51094488,3,44,143,222,323
12330213,28276674,3,47,123,224,351
90357232,32050951,3,32,125,299,322
8132271,84016892,3,3,172,295,341
89955490,41103028,3,63,111,245,301
95463441,2079460,3,69,138,262,352
69736669,59698456,3,79,168,260,334
46780709,72986438,3,20,175,217,314
34872913,58433227,3,48,104,288,309
53427267,40228913,3,9,145,242,335
67726424,91811609,3,25,139,297,375
31577392,46274912,3,84,113,209,375
11841039,42365909,3,82,188,284,324
46274912,66655833,3,74,147,221,398
80290923,43673731,3,43,161,223,364
96376171,49532085,3,42,196,246,348
37113338,66159459,3,92,136,225,354
57454466,53596992,3,38,190,226,389
93508628,22987690,3,43,133,233,360
23851662,41372708,3,93,130,262,310
72659566,57057530,3,76,111,243,316
36495345,25248144,3,75,130,283,314
56202252,43231809,3,10,183,254,303
89660514,98423772,3,30,119,271,325
51310197,47071518,3,85,137,285,322
91372340,78412165,3,41,195,270,359
89100001,91157005,3,43,177,289,377
35048202,24395226,3,64,199,274,378
35775748,55741106,3,98,128,266,343
31868927,32009498,3,84,165,208,319
1368680,34834363,3,74,143,222,332
10694337,40380082,3,73,100,244,395
33220064,66736711,3,48,182,240,387
38044575,39952079,3,90,104,291,312
31146018,64857112,3,92,154,213,312
20714438,41372708,3,44,111,253,384
8027034,58477116,3,6,165,261,361
29307751,48945237,3,35,127,289,312
73257134,47380519,3,91,158,270,308
49151534,72824209,3,73,168,249,331
36674503,1909339,3,32,198,287,352
11311771,98280332,3,95,182,231,331
96037627,91833240,3,5,157,290,331
55378606,54869247,3,46,182,217,384
72208118,66961566,3,65,175,278,305
31146018,31868927,3,56,162,211,333
9939980,71174363,3,10,149,204,367
31868927,40406738,3,1,122,257,303
13296659,56011104,3,91,177,236,389
37593271,46121993,3,15,138,288,393
37502990,40380082,3,64,121,267,301
60106139,2322309,3,75,166,205,352
75028875,57335448,3,62,140,240,352
54424487,75028875,3,28,158,218,376
2530370,12432298,3,46,129,242,321
91274177,33717332,3,42,181,273,392
2490822,41372708,3,60,174,235,346
73818897,28276674,3,60,134,240,370
8037069,54044477,3,4,124,249,351
67282173,29547242,3,50,177,215,378
37113338,10694337,3,76,167,233,304
88317586,2794837,3,26,104,292,394
52736884,83224282,3,57,145,221,318
97561064,80397737,3,55,120,275,317
93590592,14355256,3,7,159,287,351
93402621,17264768,3,11,189,292,391
45277950,27082796,3,7,118,295,343
31303766,31840240,3,99,141,227,349
28245948,3838367,3,14,129,222,308
70971988,29715000,3,29,192,292,346
91558724,37923579,3,80,197,275,340
46378272,31756795,3,27,136,200,314
48098723,17230691,3,23,164,217,325
76415424,10114522,3,98,153,276,350
52300434,73696441,3,84,113,225,386
80889253,69931260,3,99,186,290,329
73943821,25248144,3,18,156,225,322
87991063,61229605,3,28,136,226,368
31756795,26321046,3,16,162,296,360
30599608,66736711,3,83,154,254,368
45906853,62693492,3,96,173,211,376
68692189,65719857,3,50,141,212,365
78693286,72986438,3,53,128,210,351
86532794,56227637,3,93,197,293,365
28089126,5910888,3,38,128,212,315
14946516,5248334,3,39,108,201,319
45906853,73953635,3,33,155,267,340
2082967,79841776,3,75,179,276,322
45906853,27507043,3,38,180,269,306
57871687,98423772,3,28,119,294,375
65394187,40089677,3,33,101,294,353
56389689,14946516,3,47,173,249,344
24244207,39342639,3,2,106,207,357
93508628,73458571,3,43,173,240,390
30414554,66180684,3,12,199,263,394
19855302,86931192,3,58,100,224,378
9519342,37655465,3,43,176,238,304
13422367,74548654,3,27,186,297,372
34297417,23384883,3,66,175,262,321
9886484,30296202,3,30,198,262,339
54424487,28202536,3,14,117,247,305
13588140,13721129,3,47,129,226,302
71174363,25723014,3,44,114,288,393
72741122,29470027,3,25,136,286,326
93508628,71087673,3,35,130,249,315
5536379,28622226,3,54,198,214,349
8693754,28000741,3,33,191,242,359
31824718,57849437,3,66,175,255,331
16364896,19153623,3,56,160,226,346
63514877,50250153,3,14,107,268,369
63965515,84881540,3,91,197,234,327
4293435,75085287,3,48,165,271,351
99351939,56581181,3,82,170,246,357
69214312,55741106,3,45,113,237,354
31664255,2967861,3,1,178,240,344
66335041,48043921,3,84,148,222,316
38643000,83220631,3,17,184,260,328
54424487,14398967,3,55,151,216,301
5248334,41170770,3,28,179,284,325
89853089,37556663,3,10,148,295,321
56536881,23869190,3,79,134,278,340
22987690,68089076,3,12,114,225,304
17292874,70971988,3,44,179,276,345
8971088,2322309,3,90,195,201,319
35312721,36903596,3,80,180,246,371
31678190,1194755,3,56,107,247,373
19153623,70383408,3,66,161,237,361
47380519,71456361,3,99,150,274,314
88981662,23869190,3,25,187,225,322
62325005,24257672,3,50,187,297,395
52998304,91372340,3,32,125,214,384
21086364,30927371,3,37,140,216,312
95554445,3838367,3,88,100,262,388
96007668,74301887,3,12,103,239,339
9820833,48328879,3,86,176,241,326
43231809,3767680,3,3,175,262,317
75906761,46596747,3,30,156,218,384
10557084,14726151,3,32,102,200,341
16046965,4520873,3,62,113,211,397
2411084,13464414,3,58,199,266,307
31501038,66335041,3,58,100,235,372
91238301,70971988,3,3,127,237,391
68466466,5630479,3,95,197,246,377
76671007,47898875,3,41,172,275,363
8037069,87991063,3,59,124,253,322
72921814,71500220,3,38,124,295,377
85859342,8693754,3,56,171,253,392
37923579,49738747,3,49,168,222,300
46703176,13437593,3,9,109,230,395
67010076,30599608,3,4,119,277,379
47322095,84578254,3,28,116,239,333
8132271,79378362,3,47,186,267,342
13437593,55894453,3,9,115,225,357
62601383,48587723,3,18,128,274,369
2411084,52300434,3,40,126,220,312
56626757,34508366,3,30,190,255,349
49151534,22987690,3,4,162,263,310
53427267,3034317,3,84,116,225,370
13857148,89100001,3,40,169,278,362
1740252,8710793,3,5,158,289,391
96750709,84474217,3,58,162,233,300
51252932,98623703,3,87,122,258,305
8027034,53951419,3,71,192,231,319
40380082,20268165,3,29,194,262,369
85225525,58336122,3,89,127,228,362
88210518,57454466,3,67,126,272,396
27410436,96913349,3,44,185,214,361
70983004,69825660,3,90,156,270,310
86888137,14726151,3,9,101,228,333
14355256,93411439,3,74,130,208,356
55182740,82594062,3,99,121,296,370
78412165,75028875,3,72,175,267,388
66736711,95437743,3,25,187,214,371
44383413,82316203,3,21,172,216,300
35911711,48983647,3,49,120,273,317
19153623,24395226,3,55,147,251,362
57454466,11311771,3,54,103,257,323
38474399,20139115,3,23,112,274,369
8693754,57701748,3,79,199,287,307
4545244,64196311,3,24,109,296,337
11001171,81702523,3,30,129,279,377
5993527,13685033,3,95,156,261,344
94666103,10820488,3,60,153,215,384
11852755,27159196,3,77,169,236,328
96839884,69942708,3,77,185,216,359
86727847,71500220,3,57,109,239,369
76415424,86756445,3,30,127,286,313
37655465,55881752,3,35,195,245,360
88981662,93590592,3,40,103,295,343
67282173,36964396,3,10,100,251,328
55731160,63412296,3,26,123,245,376
25717661,31437775,3,75,180,242,302
84474217,14037535,3,64,185,221,358
30426367,29848328,3,26,160,269,317
9820833,93533308,3,51,158,203,350
52051399,96300127,3,95,187,260,356
26561160,41432282,3,88,106,224,332
20525355,61039156,3,32,152,254,329
62073330,2322309,3,86,153,213,336
74540377,52300434,3,37,179,295,312
29307751,63105010,3,22,133,231,360
37532641,55156021,3,56,153,262,301
2794837,50096137,3,93,169,294,396
37784701,58073310,3,34,100,222,300
96337383,37187658,3,29,175,259,340
57619318,18047370,3,99,111,286,342
11198280,30426367,3,28,100,234,383
34297417,39952079,3,33,119,213,368
96366532,33574826,3,10,132,261,300
67775043,94953815,3,59,171,288,300
24547668,2794837,3,68,121,215,374
79655133,55741106,3,8,171,213,346
82594062,94698023,3,13,175,210,373
96913349,2322309,3,25,149,262,371
81702523,81058936,3,62,181,251,359
87912003,16046965,3,20,180,257,361
19335029,43422077,3,1,185,277,397
11471082,36547107,3,87,139,244,332
98623703,13382034,3,25,127,283,309
98280332,78128030,3,61,156,256,344
66159459,38643000,3,20,178,283,370
60106139,61825754,3,87,132,247,351
91372340,63559877,3,4,153,230,356
20323232,57849437,3,13,172,267,334
50096137,13382034,3,60,196,248,326
87427494,28245948,3,72,173,289,388
67181841,74540377,3,56,187,275,337
10297694,74834033,3,44,133,235,398
86652557,69398472,3,34,177,226,322
64857112,16384919,3,36,139,290,332
30414554,45030044,3,57,102,211,384
93402621,1208580,3,39,180,270,305
13727596,13685033,3,88,129,208,336
10797208,95826133,3,11,111,259,312
48098723,40486866,3,33,122,261,311
83224282,46968781,3,2,170,261,397
37923579,50096137,3,18,164,232,377
72824209,7077999,3,9,153,273,339
99483905,74537695,3,81,109,245,362
47276999,47699636,3,90,109,297,326
44852679,20153226,3,88,194,256,371
82080429,19469488,3,60,152,207,345
12723760,27159196,3,32,140,244,395
37655465,71830144,3,28,165,241,302
13966957,20107904,3,70,192,234,394
20525355,19066394,3,97,167,299,370
51234426,56227637,3,95,128,232,385
91611215,56626757,3,34,121,238,398
14792297,47276999,3,49,170,230,368
46695055,37556663,3,48,132,204,365
40543553,36858623,3,21,151,241,386
72741122,24192935,3,83,180,221,385
44597564,55251756,3,76,137,261,339
51223342,36495345,3,59,173,273,312
29715000,49819075,3,14,146,266,386
78134743,63965515,3,10,157,262,391
43673731,83527038,3,13,125,219,354
31704221,9901689,3,48,120,294,341
37556663,12968253,3,86,149,271,325
24871513,33220064,3,57,195,224,317
8383150,1356835,3,36,115,204,336
20756767,79274490,3,15,145,201,338
64857112,77220873,3,9,161,263,369
11782869,71428421,3,47,147,220,300
74537695,93508628,3,98,108,276,325
20153226,75002527,3,25,117,241,349
72659566,47071518,3,54,168,202,380
46695055,91833240,3,61,194,223,395
79655133,55566923,3,70,141,205,396
79274490,94953815,3,93,184,294,372
76576897,71456361,3,77,154,242,352
11852755,31868927,3,46,122,261,301
53596992,86532794,3,88,190,223,374
70610490,63784743,3,29,107,252,329
18770728,78100062,3,27,166,227,347
81752722,49078377,3,3,176,207,366
53943819,22517280,3,96,106,203,383
9584059,74834033,3,66,192,228,340
98423772,29450849,3,11,154,283,394
74537695,54453934,3,33,126,274,373
54869247,56263795,3,12,172,216,322
93516836,15960857,3,31,193,244,342
24244207,56202252,3,26,194,295,307
55251756,66447833,3,36,135,234,370
47898875,55881752,3,62,152,277,351
74540377,31501038,3,80,125,259,365
83527038,87912003,3,26,139,284,333
55731160,40641501,3,15,165,238,355
47276999,3341244,3,64,189,212,325
75002527,40430147,3,10,159,275,304
34321551,47898875,3,91,155,290,318
7658303,90357232,3,32,162,286,343
70052585,81938027,3,67,102,269,365
49224563,28516661,3,55,147,233,315
58713277,11001171,3,33,164,296,393
45274356,55156021,3,55,168,289,326
36512964,8681781,3,80,144,260,305
99676093,77566275,3,33,125,242,331
23818251,10694337,3,75,177,227,364
18729173,37655465,3,94,159,276,378
2794837,62693492,3,48,170,217,355
77440365,48408624,3,72,117,234,318
79229286,7488421,3,75,184,290,353
18729173,21115640,3,58,195,220,340
6518014,81019816,3,17,129,284,350
26500083,89955490,3,61,173,234,385
57345100,6518014,3,6,114,225,399
5984696,62225706,3,98,131,207,375
25923698,68421828,3,80,116,248,365
81227891,87991063,3,88,155,277,383
98623703,84672707,3,17,162,240,352
81227891,34834363,3,97,199,229,346
14355256,35775748,3,88,130,250,345
32042730,7166745,3,20,109,244,315
12723760,25116789,3,78,150,287,381
52669852,49505243,3,27,116,251,361
7658303,13286828,3,20,105,254,373
94443498,14424506,3,16,110,236,331
79841776,62443889,3,48,170,209,337
18729173,74776829,3,84,130,229,376
31678190,72055385,3,51,144,242,315
22217366,66655833,3,95,178,223,393
50096137,34834363,3,14,122,259,371
88384564,58477116,3,14,121,232,330
18463157,31664255,3,40,120,299,314
19469488,14424506,3,69,173,293,350
34872913,11255584,3,54,157,257,322
84881540,69987535,3,23,108,208,381
71919802,6539683,3,31,142,238,300
69018752,46378272,3,18,162,221,359
50405260,2082967,3,68,177,287,313
81938027,5536379,3,13,121,274,308
7854492,4634419,3,67,166,267,390
94120065,66180684,3,92,172,212,334
39697097,91372340,3,35,113,239,343
18443315,43231809,3,31,146,251,336
50447883,68330823,3,85,143,250,363
20688731,47357817,3,66,193,238,364
14812650,98378496,3,13,166,233,352
61390425,41870667,3,15,174,234,393
44597564,50447883,3,33,188,278,342
75906761,12330213,3,92,153,231,370
32050951,5690467,3,88,121,282,347
18729173,85859342,3,63,190,249,378
95826133,13966957,3,15,155,254,392
18047370,5853950,3,28,180,294,310
28622226,81310739,3,81,137,220,329
97271167,6902281,3,79,119,238,351
14398967,45167728,3,55,118,262,332
56626757,79229286,3,86,165,278,307
46695055,36110397,3,47,130,200,350
53951419,28164398,3,81,139,237,334
8383150,13286828,3,5,116,211,341
7854492,18192833,3,65,184,209,384
16255469,21115640,3,68,166,280,390
46121993,8934676,3,49,187,220,348
53208998,35048202,3,18,156,226,317
95451477,40120676,3,78,199,232,362
47497170,20818552,3,48,183,266,343
10557084,18979483,3,39,141,226,388
36858623,24257672,3,60,168,244,390
53596992,34321551,3,58,173,280,318
78100062,41103028,3,64,139,220,341
88233505,40641501,3,44,115,226,349
11841039,20559342,3,40,119,249,316
60870059,88317586,3,23,184,220,368
73422138,49532085,3,54,151,243,392
23869190,22653104,3,32,135,245,333
79378362,39025106,3,99,152,273,307
11471082,99431405,3,90,168,276,388
24547668,59979087,3,20,160,263,302
54453934,13296659,3,44,199,209,306
39342639,63176449,3,85,149,282,301
28516661,21547462,3,33,106,273,397
83224282,34097118,3,95,153,221,385
40695972,21527628,3,89,173,247,320
46596747,79362409,3,69,145,280,332
17292874,49819075,3,17,141,262,326
27866384,43422077,3,34,173,225,346
47071518,50937583,3,97,137,286,352
6344277,68607030,3,27,160,230,323
71830144,93508628,3,10,179,286,387
45839247,25723014,3,45,147,204,305
36964396,6902281,3,3,156,242,345
89046641,15159568,3,25,178,227,333
81404877,81938027,3,2,126,270,364
3074228,63176449,3,64,174,246,376
13437593,79362409,3,6,124,216,346
6310965,96067012,3,46,196,214,336
49819075,85859342,3,87,171,228,372
92010362,14424506,3,74,101,244,362
74345801,68118235,3,68,164,292,316
69987535,26749403,3,8,105,252,382
47080409,49267308,3,94,176,267,344
93590592,38056000,3,22,198,202,301
40641501,86504213,3,4,193,239,368
24547668,11255584,3,36,126,295,360
48328879,18192833,3,85,170,228,384
27408613,24871513,3,22,194,271,355
62230473,94953815,3,20,194,233,386
54942642,18667655,3,74,197,258,302
39952079,58496287,3,35,151,213,362
46750376,14130343,3,21,140,232,360
6893312,13437593,3,13,181,202,379
86143897,7658303,3,32,146,245,324
78693286,45839247,3,5,162,258,324
47322095,4634419,3,99,116,202,331
25513924,88677902,3,92,197,212,301
32009498,11198280,3,71,144,259,366
60106139,40120676,3,97,181,233,385
89019807,19391323,3,97,106,235,352
44166847,13976828,3,86,112,230,314
93490592,91558724,3,75,169,277,351
15159568,19153623,3,88,175,222,336
25809596,99483905,3,25,139,272,361
9946453,46062293,3,39,111,211,331
5248334,96376171,3,8,129,234,305
13727596,76576897,3,16,129,252,348
11894572,47816357,3,26,120,219,328
11047977,19335029,3,56,156,259,347
56536881,62343415,3,52,146,229,307
41512662,3912027,3,69,193,206,384
93520137,45906853,3,41,192,236,380
96007668,72866661,3,68,126,239,350
21109584,95482810,3,7,147,244,344
14355256,41372708,3,57,167,237,368
8175831,69825660,3,53,179,295,335
24918530,63412296,3,60,183,252,312
2967861,88101462,3,88,135,268,396
82080429,88677902,3,11,123,230,347
66335041,44383413,3,28,147,274,368
77905676,34872913,3,79,150,241,353
82316203,82594062,3,27,176,225,346
83832488,55610373,3,23,196,278,344
10508065,91611215,3,60,108,217,389
19469488,80229649,3,66,123,249,328
6683133,44383413,3,28,104,292,388
8710793,4434952,3,31,126,224,353
32050951,46333399,3,44,199,240,323
39202072,17287080,3,72,119,268,379
31146018,78128030,3,5,143,294,315
63559877,51372304,3,17,150,295,322
49505243,3034317,3,98,147,259,350
34644971,38722955,3,2,112,203,320
81137909,28089126,3,1,152,222,343
35833182,1725157,3,1,114,268,389
9584059,18047370,3,48,153,269,327
35312721,90430454,3,34,189,212,331
28164398,55156021,3,6,172,261,311
66447833,86756445,3,30,106,230,375
7733802,23384883,3,85,110,217,325
44383413,70919399,3,45,146,268,391
58340233,31756795,3,14,128,279,339
27800418,26500083,3,45,143,210,342
27507043,64464013,3,44,102,261,348
94666103,24395226,3,45,124,234,367
3838367,43422077,3,14,152,242,376
57345100,65639044,3,70,174,251,386
99676093,79606521,3,63,126,290,368
47898875,47071518,3,2,146,242,392
43355934,27755228,3,44,123,264,361
68775273,79002309,3,29,127,230,370
17287080,58340233,3,63,130,293,333
47380519,25620224,3,81,178,234,324
37532641,93777472,3,53,174,265,315
13721129,39374992,3,44,116,273,341
94352667,26500083,3,62,153,243,350
40641501,63176449,3,61,124,282,334
42365909,57361282,3,87,185,257,382
28485269,19469488,3,96,142,246,339
57303434,81605408,3,49,111,263,368
21086364,83282296,3,72,147,270,383
23818251,20714438,3,93,114,280,376
57514371,71919802,3,61,107,224,314
6902281,90213016,3,15,125,229,310
62343415,83718079,3,35,120,296,383
96770974,93520137,3,67,132,236,317
79274490,84881540,3,76,145,241,337
79002309,52884794,3,50,189,284,322
55852776,35833182,3,10,160,264,380
72866661,8971088,3,35,174,291,391
48043921,98423772,3,26,139,269,308
76046588,67919441,3,1,130,240,393
63559877,1725157,3,44,190,218,356
62225706,87912003,3,72,178,293,368
14812650,96750709,3,61,110,241,344
39376211,61962881,3,14,159,254,360
6893312,68986527,3,18,172,240,371
30599296,54557409,3,17,109,225,376
37707198,57057530,3,55,176,285,308
72824209,65688446,3,99,182,287,309
51234426,62508360,3,76,158,263,392
69931260,21115640,3,70,183,263,375
73257134,33535335,3,70,173,271,305
13420322,31840240,3,80,125,242,345
33827959,73099558,3,30,195,211,384
25248144,43856074,3,16,118,208,346
39202072,39374992,3,89,153,297,315
59071361,67919441,3,87,126,240,381
1208580,56389689,3,53,153,225,371
25222999,67181841,3,9,167,209,361
39374992,52049973,3,11,145,287,367
51393446,47380519,3,14,152,277,397
9946453,18203025,3,86,162,281,308
71830144,69398472,3,23,145,218,311
74879002,52564440,3,65,175,205,396
5944102,96007668,3,23,124,244,306
69398472,67282173,3,99,170,282,314
37923579,57871687,3,27,101,269,362
34815842,46968781,3,3,134,276,374
33297132,99483905,3,22,173,212,378
88233505,31520365,3,7,126,207,325
22517280,90279207,3,41,153,250,384
20688731,49224563,3,47,137,298,385
76622964,79002309,3,4,147,283,370
89019807,5873920,3,16,102,299,357
88317586,82316203,3,51,197,275,383
2938645,77738881,3,56,195,207,364
66312765,77047788,3,43,102,225,386
97258118,41103028,3,5,168,224,334
3767680,58713277,3,11,140,244,301
26984970,38643000,3,26,160,296,342
40543553,13857148,3,38,174,243,368
67726424,70723339,3,7,139,240,346
83693176,88963563,3,77,159,291,361
8934676,14792297,3,23,199,211,350
30427337,20098891,3,61,111,295,358
54869247,49769760,3,34,193,282,382
25618985,89342046,3,79,119,231,345
7658303,72986438,3,46,180,252,322
1654993,37980652,3,82,158,270,304
65771857,89907535,3,68,192,226,379
88981662,31664255,3,58,161,218,301
9939980,86888137,3,81,181,260,399
3074228,71919802,3,76,193,254,347
73353746,27402171,3,29,110,290,354
20688731,61039156,3,77,104,298,392
95906696,46274912,3,94,152,281,318
11841039,24908625,3,22,174,234,339
70983004,47898875,3,65,149,253,346
68519817,67775043,3,1,166,258,376
84474217,18203025,3,87,159,234,338
19335029,26749403,3,91,167,203,314
18443315,89100001,3,97,165,288,327
50978393,5873920,3,67,190,228,340
15177236,26500083,3,74,117,277,345
47380519,9034827,3,77,178,254,369
54574136,97354792,3,2,149,223,399
95554445,89100001,3,79,166,283,335
20268165,61825754,3,93,105,208,343
11782869,40486866,3,85,112,239,316
10114522,46750376,3,3,117,204,376
37556663,89261509,3,1,148,285,394
14812650,52782485,3,60,191,287,371
13036784,40159475,3,30,107,289,383
91883290,55019911,3,58,113,200,365
89853089,31756795,3,58,115,215,372
53943819,57655210,3,2,136,215,365
54737719,62325005,3,33,129,280,387
98378496,86821120,3,42,129,214,393
72921814,22517280,3,42,105,279,359
97388623,96300127,3,89,118,263,386
10941305,46725166,3,15,120,255,361
9886484,53797524,3,96,198,237,344
91558724,67802809,3,52,194,260,322
77276493,13599980,3,32,187,285,318
36964396,56581181,3,44,132,219,397
65639044,48043921,3,72,194,261,311
86295256,91539636,3,13,189,271,375
84016892,85225525,3,49,125,248,379
41809047,9013426,3,38,195,216,340
87491664,17292874,3,68,141,262,392
53292765,12432298,3,54,158,231,313
13382034,24460567,3,58,116,211,314
79364590,22473229,3,93,148,236,305
29575344,13588140,3,20,100,231,394
95437743,94794415,3,48,148,219,339
31678190,13422367,3,68,193,286,369
48357163,60870059,3,72,194,200,387
44383413,99676093,3,34,141,248,309
16255469,75483667,3,83,101,249,316
55741106,29307751,3,4,110,286,371
44166847,51703877,3,25,194,214,338
23234376,44597564,3,3,136,299,365
48043921,93921337,3,27,106,272,385
69825660,67181841,3,91,143,283,317
20525355,40228913,3,92,108,291,366
34452965,90357232,3,23,138,232,364
8383150,21535596,3,56,164,205,398
27952786,27410436,3,84,134,208,304
48043921,38415243,3,61,193,288,320
24460567,69931260,3,66,147,297,398
87912003,16255469,3,80,142,242,367
50900292,92833735,3,26,198,265,357
24871513,35623783,3,26,123,260,356
26500083,6518014,3,96,189,266,328
85647670,17237660,3,92,194,233,314
52782485,24460567,3,37,190,214,358
62225706,59222463,3,10,131,218,389
60922370,71174363,3,33,111,285,307
13210892,62295681,3,65,184,261,366
88677902,17291348,3,57,171,233,314
8934676,68920491,3,70,119,227,316
7854492,79274490,3,35,187,204,382
64616048,28245948,3,7,124,271,356
91412744,21086364,3,78,184,231,388
70580769,79274490,3,70,140,275,327
35775748,27565620,3,31,165,205,358
28164398,91833240,3,76,167,247,363
92010362,81605408,3,18,103,287,364
31146018,88981662,3,34,122,251,319
65253049,68466466,3,21,197,270,366
5944102,74301887,3,74,156,297,385
88384564,86295256,3,17,140,281,308
68692189,20525355,3,17,130,204,308
21547462,53208998,3,30,167,256,356
4294049,18667655,3,70,108,256,398
69931260,52051399,3,38,109,296,345
55251756,38643000,3,29,122,200,384
37113338,4674558,3,77,188,255,351
35048202,3341244,3,62,131,234,389
25513924,43355934,3,78,198,241,381
16255469,71428421,3,82,155,277,317
18443315,59071361,3,18,128,242,326
21109584,6893312,3,75,104,287,318
13422367,73099558,3,40,193,224,354
9939980,55881752,3,96,107,262,397
2938645,60296550,3,73,148,221,394
89851872,4634419,3,75,199,216,391
63412296,57514371,3,14,110,219,338
58433227,18203025,3,64,119,289,392
41372708,95225549,3,91,143,283,314
80889253,67010076,3,92,100,261,363
95184348,95912131,3,77,125,214,396
91453235,77566275,3,4,186,201,366
41870667,43673731,3,30,146,277,382
42907477,89829116,3,80,154,225,309
18047370,15592600,3,52,127,241,313
28404703,45274356,3,19,161,279,352
28485269,72603326,3,45,128,231,373
45990138,33297132,3,69,148,280,318
17291348,89342046,3,41,196,216,343
52884794,25637186,3,54,178,287,330
41293120,13721129,3,42,148,260,357
94698023,96913349,3,43,160,226,397
96913349,50900292,3,32,186,294,389
93520137,10694337,3,85,131,252,360
49769760,23490241,3,99,174,211,319
82594062,71087673,3,7,174,245,326
4449259,99521999,3,45,138,221,380
11841039,86198845,3,77,142,211,342
77440365,47497170,3,75,159,263,384
27221222,8934676,3,46,134,241,335
56536881,70919399,3,35,145,280,346
84881540,34297417,3,46,132,229,341
11047977,55852776,3,3,173,228,354
24241514,3341244,3,41,140,299,318
37113338,50405260,3,52,118,240,383
49819075,72921814,3,27,161,221,397
99500546,71456361,3,54,164,287,345
21109584,45030044,3,40,175,259,379
56581181,9886484,3,82,103,230,371
74776829,10114522,3,24,151,223,318
42160804,9013426,3,75,174,257,320
67645135,87427494,3,67,150,217,367
84474217,18729173,3,94,187,235,335
61039156,96842086,3,91,153,293,323
76339936,76554114,3,50,156,231,386
24244207,16318738,3,41,144,263,395
94352667,44383413,3,69,112,209,344
87912003,88233505,3,1,158,251,361
16384480,53845671,3,71,115,293,396
89955490,93918643,3,33,191,259,301
24460567,38474399,3,74,193,268,392
24192935,98831516,3,34,197,240,321
6967232,58383160,3,90,151,276,399
73598248,52049973,3,1,152,283,363
99676093,72866661,3,8,105,225,341
52049973,19335029,3,59,116,288,376
67010076,28485269,3,46,112,271,349
92010362,55741106,3,50,134,210,398
76554114,90959556,3,69,179,235,399
80290923,9519342,3,38,124,291,364
10508065,65719857,3,63,100,270,359
74345801,27410436,3,37,161,268,351
81769175,59071361,3,80,149,261,306
83282296,18770728,3,93,160,211,342
18047370,70919399,3,83,195,242,334
23818251,13588140,3,56,151,262,388
6310965,29942286,3,46,112,260,373
88404888,8934676,3,91,176,263,320
27047919,51986577,3,13,184,282,322
90279207,40089677,3,25,164,248,324
57361282,4293435,3,64,113,244,340
43422077,2490822,3,63,120,279,396
25248144,44597564,3,85,184,258,359
47322095,94794415,3,16,190,240,396
26996372,5750662,3,68,147,259,346
95463441,91883290,3,78,138,285,388
44597564,1194755,3,17,105,260,364
82316203,14130343,3,4,135,264,365
70580769,88101462,3,97,143,246,357
31756795,51703877,3,8,131,267,397
31678190,41809047,3,17,138,228,339
90213016,52049973,3,99,187,249,375
4294049,35623783,3,85,169,266,380
94781198,17024972,3,77,133,242,351
81137909,16384919,3,26,131,207,331
14130343,18667655,3,9,175,297,372
86931192,40454923,3,72,149,288,363
2530370,74776829,3,4,127,204,331
94953815,4574185,3,99,193,248,375
65719857,58340233,3,93,123,296,374
73608067,49505243,3,49,186,298,305
46596747,8971088,3,71,131,211,391
96037627,54869247,3,30,103,270,385
45499241,76554114,3,59,130,200,397
18192833,57335448,3,21,177,275,350
57514371,31520365,3,95,117,292,387
43856074,34644971,3,20,198,218,307
57871687,28485269,3,82,194,273,307
71087673,81137909,3,66,197,238,342
52736884,5944102,3,85,114,236,313
24944608,51234426,3,92,122,262,369
73608067,91456262,3,15,130,264,354
7519652,25248144,3,38,161,216,333
73074388,53951419,3,37,116,221,352
84881540,28252053,3,20,132,203,375
92075168,25723014,3,2,139,284,363
68920491,31577392,3,54,122,255,395
48587723,34872913,3,47,119,205,313
62295681,72866661,3,35,112,254,338
7854492,82316203,3,63,107,233,335
18443315,66736711,3,71,165,273,387
37113338,89660514,3,98,174,297,370
46145472,96067012,3,73,198,295,341
8681781,63412296,3,89,124,208,333
31303766,73257134,3,53,128,287,368
20098891,28516661,3,47,183,283,373
74834033,91157005,3,44,114,237,364
25222999,20756767,3,24,160,285,345
34297417,13976828,3,24,181,231,324
37421444,47357817,3,18,187,287,390
53748402,89660514,3,75,144,205,391
39376211,51094488,3,27,106,250,328
25620224,56389689,3,33,192,222,307
44780972,65719857,3,20,134,205,381
93508628,69018752,3,42,169,225,383
73608067,12968253,3,94,143,229,362
85225525,72055385,3,5,171,219,361
39342639,19153623,3,93,149,266,305
13588140,68466466,3,11,158,252,337
18893070,2794837,3,21,170,229,386
11894572,72883533,3,86,128,298,329
19391323,56581181,3,39,118,259,397
50960045,1909339,3,95,199,295,307
13721129,9886484,3,11,155,279,325
66159459,85634252,3,32,195,289,321
73458571,91456262,3,52,138,293,388
62601383,48983647,3,96,101,259,347
26561160,75028875,3,21,100,251,368
37509398,50937583,3,43,195,288,319
44962731,93402621,3,57,191,249,332
79378362,20818552,3,96,194,212,398
2794837,90213016,3,50,137,236,310
4634419,60106139,3,54,139,249,381
1356835,49738747,3,33,183,244,397
73422138,48098723,3,64,102,290,321
72661267,94698023,3,6,130,215,397
2253877,83718079,3,9,198,285,369
58336122,77516821,3,43,151,277,300
79229286,81938027,3,3,108,219,326
49769760,6902281,3,60,154,296,368
5993527,4574185,3,28,152,231,328
71317039,95554445,3,29,191,234,305
34044866,3838367,3,88,156,220,369
53748402,35775748,3,26,142,214,319
76622964,47080409,3,42,139,283,338
96007668,53348312,3,59,103,298,307
46062293,13588140,3,6,162,253,377
3034317,1368680,3,88,124,281,355
1197918,84802060,3,50,194,277,375
60870059,7519652,3,73,188,288,338
81019816,86888137,3,17,140,257,331
60870059,6159312,3,1,100,220,384
97707645,96770974,3,61,165,222,303
47699636,18956374,3,52,107,268,362
26996372,17292874,3,8,185,298,338
13422367,97707645,3,63,184,281,305
49769760,81752722,3,21,171,232,333
19686554,41432282,3,6,199,219,313
27507043,8132271,3,38,142,256,362
85647670,85506287,3,14,119,208,339
23384883,6159312,3,72,159,294,385
15566006,86143897,3,46,184,296,373
88101462,41809047,3,26,180,293,343
70580769,99676093,3,49,143,206,353
48945237,71174363,3,75,146,280,359
27649656,28252053,3,13,103,221,303
65133803,95599888,3,95,101,220,320
65394187,28276674,3,26,185,238,338
81752722,81227891,3,23,133,274,331
32231430,25923698,3,89,189,244,396
14130343,76576897,3,26,171,267,304
57514371,23851662,3,77,134,221,341
4434952,90357232,3,23,173,242,371
18047370,77738881,3,5,147,294,384
13422367,57514371,3,91,188,297,333
81769175,37187658,3,22,164,256,323
92075168,57345100,3,48,168,278,380
35833182,70580769,3,72,190,227,320
45335172,42160804,3,84,155,250,329
33220064,40454923,3,21,154,224,307
79606521,18893070,3,43,171,225,304
79655133,8175831,3,96,187,252,335
22473229,31501038,3,89,122,283,316
44591337,1909339,3,26,134,261,388
75483667,66793671,3,98,153,246,338
27402171,11782869,3,26,154,216,392
67802809,69398472,3,48,195,251,393
78040011,88233505,3,62,185,239,330
80566825,57655210,3,60,121,243,337
31501038,32231430,3,67,167,228,324
79606521,66793671,3,8,122,291,347
57454466,43422077,3,15,198,249,332
58340233,29715000,3,49,131,285,351
6893312,96366532,3,28,167,221,395
1194755,90430454,3,56,185,277,354
30296202,11782869,3,31,134,223,363
40159475,71456361,3,70,146,250,337
6518014,31501038,3,61,156,205,371
76339936,1195942,3,11,174,271,336
97707645,76576897,3,31,142,253,320
57871687,41372708,3,85,197,248,379
27408613,37923579,3,57,135,220,304
56556431,96366532,3,90,149,294,386
72866661,27402171,3,87,136,213,331
86532794,18192833,3,1,102,298,325
20268165,62230473,3,5,192,265,388
57057530,42160804,3,90,158,273,330
4836298,82316203,3,96,178,251,397
58685182,2588939,3,16,165,221,366
3043561,32042730,3,37,175,239,306
77604210,14946516,3,95,177,240,341
82316203,59979087,3,72,126,227,355
96007668,27507043,3,81,100,288,339
79229286,60296550,3,48,144,277,372
68421828,98831516,3,79,192,275,372
95463441,36674503,3,91,110,248,348
27028477,68519817,3,85,181,224,385
37707198,68920491,3,70,120,246,309
31577392,7166745,3,70,137,247,327
8175831,79318025,3,80,167,205,323
86143897,74548654,3,16,187,287,398
40543553,76863896,3,99,122,285,338
96007668,37655465,3,75,196,273,387
64196311,35048202,3,68,184,250,318
86295256,97388623,3,9,148,251,349
81227891,26749403,3,39,164,254,333
22517280,39374992,3,74,174,244,316
14778582,2530370,3,47,191,274,350
10828241,93411439,3,14,133,243,319
21115640,9820833,3,2,193,292,313
15177236,72661267,3,92,151,284,331
86198845,92833735,3,62,111,274,308
24460567,96366532,3,13,189,209,356
96839884,30296202,3,52,137,271,304
57619318,74454416,3,96,196,268,308
66312765,46724148,3,35,177,218,328
15960857,96366532,3,85,156,221,363
48328879,33679470,3,88,169,223,343
27800418,2794837,3,47,168,266,327
78080024,35623783,3,45,110,214,351
12723760,93123777,3,61,141,217,350
80889253,76863896,3,28,118,241,352
22653104,9820833,3,77,127,263,337
57619318,47322095,3,44,114,234,392
97258118,66312765,3,16,164,229,385
93490592,75028875,3,76,135,278,333
27159196,26500083,3,3,128,206,379
29470027,68986527,3,58,142,273,334
68986527,47071518,3,90,179,204,376
54574136,48328879,3,62,103,208,327
23384883,7658303,3,21,165,249,365
3043561,63559877,3,97,142,212,380
99250304,13685033,3,67,164,281,370
88384564,28276674,3,64,117,254,344
99483905,94781198,3,93,110,231,359
99720713,50960045,3,60,116,235,393
27800418,21527628,3,4,151,226,339
46329613,66180684,3,40,164,287,338
17024972,76046588,3,54,101,207,391
10828241,2938645,3,80,109,269,319
49224563,49769760,3,34,165,203,376
10820488,25923698,3,98,142,281,385
79229286,62693492,3,91,162,242,383
46333399,47030957,3,80,193,294,382
65025018,65771857,3,41,150,292,333
76671007,95184348,3,79,148,276,333
90213016,3867226,3,41,152,256,302
70610490,25222999,3,49,177,207,354
48945237,11539379,3,76,174,238,372
58496287,38044575,3,46,190,250,396
34097118,3767680,3,34,157,259,392
53411021,27755228,3,10,141,299,390
66077234,23851662,3,76,196,241,313
27028477,19335029,3,76,128,242,306
7955754,86931192,3,25,118,268,316
13464414,15177236,3,36,193,263,309
52926870,71174363,3,20,111,235,350
3293181,72921814,3,10,199,254,307
62343415,59071361,3,80,105,298,311
11841039,82594062,3,25,144,255,363
66077234,79841776,3,29,106,239,328
27866384,46703176,3,2,116,234,349
11841039,86931192,3,33,170,239,317
49738747,57454466,3,11,172,298,317
36110397,94120065,3,83,125,229,366
53208998,28404703,3,1,131,272,321
4836298,55731160,3,46,153,216,392
37502990,67010076,3,18,157,270,325
68692189,38722955,3,46,120,263,303
3358929,30426367,3,90,123,239,398
13420322,60362229,3,12,183,227,372
49505243,13588140,3,5,113,294,355
8693754,77566275,3,79,161,243,307
37187658,87491664,3,66,142,262,338
33827959,46333399,3,86,189,263,341
15566006,52051399,3,74,181,269,340
72986438,89019807,3,55,100,291,393
74454416,25637186,3,13,181,213,358
87169484,15566006,3,31,135,297,307
87427494,13422367,3,20,179,210,396
11782869,13286828,3,20,194,244,346
44077335,43231809,3,56,161,226,319
54942642,37593271,3,26,153,213,360
90430454,31107120,3,97,175,262,354
66335041,66793671,3,80,143,212,366
49224563,4473097,3,98,142,233,340
10797208,20153226,3,32,193,287,393
79002309,17024972,3,14,159,253,380
36141023,72921814,3,29,172,222,333
58383160,16318738,3,98,138,232,326
89853089,74158023,3,51,167,244,362
62230473,8037069,3,86,175,262,306
83718079,25327758,3,47,102,257,322
73257134,88233505,3,83,193,251,315
39135566,19066394,3,94,118,279,370
33297132,98005269,3,57,141,211,304
20268165,70723339,3,10,138,296,359
9820833,98423772,3,7,177,281,385
22653104,87491664,3,84,115,201,321
30599608,70983004,3,85,179,248,319
66655833,29848328,3,98,140,283,398
44597564,63514877,3,44,154,206,332
7625930,46725166,3,29,173,226,364
81404877,45277950,3,1,180,287,365
63559877,18667655,3,56,175,292,304
94666103,57454466,3,78,108,227,356
58433227,8963040,3,24,182,251,301
56556431,47497170,3,49,120,227,326
28516216,11300062,3,29,188,238,377
79378362,78412165,3,59,161,213,330
46724148,36638392,3,50,145,291,310
68692189,55378606,3,24,186,227,364
18979483,89853089,3,35,168,235,375
90233535,52736884,3,35,166,252,331
43231809,69931260,3,85,121,296,346
74454416,34834363,3,36,148,217,330
75085287,83693176,3,34,127,285,308
37509398,11539379,3,20,177,298,371
20107904,67775043,3,21,152,241,302
30927371,40159475,3,42,114,246,378
94352667,85225525,3,16,145,299,366
53348312,88524690,3,67,134,255,388
6518014,73598248,3,27,165,228,360
91811609,72661267,3,50,147,270,355
46145472,47080409,3,6,171,215,342
79229286,57619318,3,89,144,215,372
86727847,64196311,3,60,168,275,301
12432298,57616772,3,77,164,286,382
99521999,91483642,3,36,124,202,353
77109152,78134743,3,92,138,215,306
36141023,96839884,3,96,191,291,376
26984970,53427267,3,80,176,231,305
17237660,41512662,3,1,113,269,303
11198280,24908625,3,3,132,255,358
47380519,14519056,3,61,134,233,353
57849437,72603326,3,54,101,283,359
29450849,22653104,3,88,128,227,362
47816357,97258118,3,79,102,231,343
45274356,31520365,3,56,112,286,334
24395226,45277950,3,95,138,276,383
89019807,76415424,3,38,139,248,380
99483905,75483667,3,57,182,216,348
2490822,88210518,3,56,135,296,348
40454923,82316203,3,9,127,256,397
36858623,84016892,3,58,130,255,356
89261509,79563067,3,4,148,240,354
7248464,86888137,3,27,143,252,371
44962731,71317039,3,11,143,224,313
36527641,79229286,3,19,104,232,381
96750709,51986577,3,5,167,269,355
92523951,91453235,3,28,166,256,379
14424506,52998304,3,25,158,212,317
77905676,55378606,3,45,114,263,384
34508366,88524690,3,56,111,200,336
70983004,8963040,3,49,185,236,353
95826133,52300434,3,12,181,248,386
87491664,66447833,3,35,116,218,388
18667655,88524690,3,22,197,283,352
96037627,91372340,3,34,142,246,372
48983647,57871687,3,55,183,244,309
50980172,74512676,3,6,117,294,396
46378272,82080429,3,24,169,298,314
13420322,11198280,3,17,113,259,388
18047370,28276674,3,7,172,238,363
93490592,81752722,3,82,196,231,308
49224563,31577392,3,33,190,286,301
65025018,24244207,3,84,140,295,328
8383150,83832488,3,84,189,216,305
55251756,56556431,3,64,193,293,318
70580769,30427337,3,91,186,232,360
60296550,96337383,3,40,112,253,379
10297694,28089126,3,99,113,213,348
65747885,76622964,3,10,114,243,386
37784701,10557084,3,54,157,281,344
45316543,37187658,3,15,103,260,317
44166847,85506287,3,32,166,280,349
27507043,33220064,3,49,123,243,399
45326656,76622964,3,7,111,290,381
6159312,59979087,3,93,185,272,367
67802809,21535596,3,24,100,200,335
7854492,99720713,3,40,105,242,344
19855302,58685182,3,40,126,284,357
52926870,74158023,3,18,104,231,395
91558724,48945237,3,17,114,229,334
46724148,38056000,3,92,124,240,312
81137909,5630479,3,91,197,231,328
56389689,57057530,3,99,185,203,317
34097118,97707645,3,11,116,222,367
74073030,68917540,3,99,120,213,395
52736884,97707645,3,26,101,211,363
62230473,49267308,3,52,161,262,307
48408624,75028875,3,24,105,266,394
84672707,91412744,3,53,188,283,351
13036784,66779712,3,43,168,208,352
24395226,2060106,3,69,132,276,308
29470027,14424506,3,42,161,228,363
66736711,73696441,3,75,193,205,381
60922370,40641501,3,72,175,240,369
91858045,2253877,3,5,189,252,393
75085287,9584059,3,12,113,269,312
43731767,9013426,3,37,130,207,374
94953815,1368680,3,53,166,252,388
37187658,46333399,3,36,100,247,302
44591337,56011104,3,34,187,298,385
52477331,64196311,3,93,168,282,342
25618985,55019911,3,1,133,222,372
48945237,30414554,3,45,190,265,331
43856074,63514877,3,96,120,213,398
15292487,99250304,3,84,165,264,359
23384883,38474399,3,94,109,290,327
1303155,87991063,3,75,146,269,340
99521999,66539797,3,36,123,211,383
6344277,31437775,3,26,165,260,360
40406738,17024972,3,89,118,206,333
19335029,26555355,3,70,185,232,386
61229605,38044575,3,85,182,221,334
53951419,41293120,3,31,148,231,312
88524690,75002527,3,72,104,254,313
57899435,95826133,3,71,108,237,374
32627895,10694337,3,34,158,297,341
34297417,81938027,3,18,150,292,356
41170770,2253877,3,88,187,263,370
81752722,72866661,3,68,143,210,312
17264768,57655210,3,10,120,292,313
7854492,60106139,3,68,149,277,337
6902281,54574136,3,91,134,212,339
77047788,98280332,3,28,191,252,333
28485269,19351851,3,29,110,243,345
99894281,8175831,3,3,198,269,352
21535596,94666103,3,62,173,259,302
35080194,52477331,3,71,198,292,305
18463157,13976828,3,84,167,217,327
38044575,85634252,3,87,142,212,373
97271167,13420322,3,35,155,270,342
55182740,97388623,3,51,166,229,355
94781198,97388623,3,34,123,214,353
80397737,30296202,3,1,199,290,371
31303766,99894281,3,94,103,228,302
89955490,67181841,3,97,120,259,324
91833240,21527628,3,7,121,251,375
29682545,95826133,3,91,120,226,348
2938645,1725157,3,35,139,208,308
27866384,89046641,3,69,112,221,372
56626757,98280332,3,66,159,270,353
68607030,74345801,3,10,113,239,364
89829116,45315576,3,39,153,288,317
23490241,13382034,3,70,147,241,398
28252053,8681781,3,67,148,266,341
31437775,11311771,3,19,151,240,366
81137909,94666103,3,3,157,223,300
23234376,70580769,3,23,123,251,303
62693492,10828241,3,17,192,230,336
56536881,67181841,3,73,186,238,374
31501038,49941591,3,8,152,239,377
99431405,43422077,3,66,109,236,356
8693754,65719857,3,66,160,259,372
23234376,25923698,3,93,134,271,373
96750709,93533308,3,76,124,231,367
67454945,25620224,3,46,199,250,373
19351851,61204358,3,53,104,255,386
99099551,68466466,3,20,194,209,355
63176449,18667655,3,88,196,201,326
88101462,67181841,3,33,118,211,346
74540377,21109584,3,93,132,232,379
60296550,83220631,3,49,109,297,390
79002309,95554445,3,99,129,288,377
6310965,70971988,3,10,148,285,307
17055521,53951419,3,63,145,210,385
66539797,11255584,3,50,176,226,396
40454923,93508628,3,87,105,226,394
60362229,79670402,3,74,198,258,390
16384480,25637186,3,20,149,283,312
52736884,27028477,3,33,168,273,310
17055521,36495345,3,72,142,296,350
58477116,92833735,3,44,117,226,381
91483642,52300434,3,21,156,294,321
70052585,91274177,3,70,198,247,381
5536379,94666103,3,24,147,273,337
87689366,24655996,3,42,118,252,316
20525355,16611799,3,85,120,205,307
88384564,45274356,3,45,122,291,338
85626932,15592600,3,99,112,224,325
40406738,14966763,3,69,172,258,392
30599608,94666103,3,20,109,206,325
48983647,45167728,3,95,153,229,340
25620224,43856074,3,90,145,224,361
55731160,78128030,3,29,134,273,302
86727847,14519056,3,91,164,291,328
49738747,3355211,3,30,110,243,364
15159568,34834363,3,93,145,208,357
91412744,57057530,3,48,124,217,343
65719857,91238301,3,84,165,257,358
78412165,45839247,3,37,157,244,383
60870059,3293181,3,29,199,240,375
39992385,46596747,3,93,195,265,398
96037627,50978393,3,53,188,299,312
69987535,24460567,3,99,157,239,331
91274177,80229649,3,47,121,294,317
89342046,81137909,3,95,166,255,325
83693176,57899435,3,41,103,221,312
50937583,20807622,3,33,164,289,316
31303766,67919441,3,35,114,290,320
31868927,19391323,3,29,112,269,376
11852755,75252712,3,85,136,280,308
57619318,73696441,3,1,117,271,353
18667655,13296659,3,55,156,210,330
5944102,66159459,3,6,181,208,350
38308060,63559877,3,79,154,238,395
60106139,45906853,3,32,172,298,386
26664569,76990275,3,51,107,255,391
10941305,97388623,3,18,147,208,389
61204358,93402621,3,10,125,248,333
38044575,69214312,3,79,111,282,391
71500220,6159312,3,10,121,284,379
45326656,25222999,3,95,184,242,331
17287080,70983004,3,33,162,262,300
57335448,4674558,3,22,141,225,383
1013990,67645135,3,20,113,219,383
47322095,97388623,3,57,108,298,385
45335172,58383160,3,28,169,205,357
45315576,37532641,3,30,191,200,327
81769175,9901689,3,66,164,244,373
85634252,35144728,3,56,182,299,320
81058936,59071361,3,46,194,279,317
40454923,10508065,3,97,167,206,308
57619318,88981662,3,47,118,254,349
30414554,22987690,3,10,181,285,376
1783071,66956270,3,17,194,246,367
4293435,53748402,3,58,166,258,357
42254850,85634252,3,9,188,216,399
57303434,20756767,3,18,175,224,338
79670402,56904407,3,83,114,262,307
93402621,83220631,3,18,102,213,301
72986438,8934676,3,65,119,241,304
25222999,65719857,3,41,108,258,302
75252712,70723339,3,1,119,267,368
49505243,75252712,3,16,162,286,335
14519056,41512662,3,13,158,269,375
11539379,18463157,3,7,117,223,364
75002527,68986527,3,63,188,269,337
81310739,1303155,3,75,142,277,306
5630479,55378606,3,72,187,240,371
20714438,31664255,3,12,182,242,388
77905676,25248144,3,53,181,204,360
6683133,91453235,3,47,114,273,392
76554114,58433227,3,20,129,252,392
16364896,50980172,3,85,131,252,391
5984696,38643000,3,38,141,242,384
62508360,88963563,3,24,197,252,357
37502990,62508360,3,35,110,215,305
70580769,5750662,3,77,126,291,371
40454923,53630767,3,98,198,269,382
43355934,72661267,3,55,114,233,328
30414554,20525355,3,45,166,227,327
10403480,57454466,3,86,184,252,398
38474399,86504213,3,81,104,287,318
28516216,25116789,3,83,193,266,375
89100001,15159568,3,98,144,229,334
18893070,92010362,3,27,158,293,314
4449259,44383413,3,33,164,261,320
59979087,74776829,3,32,164,271,344
31577392,5248334,3,43,114,292,308
57899435,19686554,3,86,138,209,358
20688731,7658303,3,63,184,204,319
5536379,9886484,3,67,159,249,384
14778582,33451035,3,81,109,235,316
2060106,24244207,3,26,147,243,393
90430454,90959556,3,26,100,228,305
50900292,77516821,3,81,110,244,350
2411084,73696441,3,16,135,267,382
96067012,95437743,3,31,140,219,335
23869190,86821120,3,6,191,281,383
36141023,57361282,3,33,169,210,392
12723760,67726424,3,67,184,235,380
67282173,30426367,3,58,170,249,302
49224563,46274912,3,21,148,211,376
77604210,60362229,3,33,171,208,325
55852776,68920491,3,70,171,247,331
8037069,24871513,3,6,140,201,381
20107904,99351939,3,16,173,224,351
11198280,14398967,3,3,196,212,316
20818552,97561064,3,29,179,295,327
48587723,36527641,3,71,102,230,303
30296202,65719857,3,7,178,258,339
23745026,73458571,3,62,118,275,388
94658761,49941591,3,42,117,247,368
53208998,16611799,3,93,177,244,304
13296659,13437593,3,78,197,237,360
85647670,57514371,3,50,176,204,379
24908625,70610490,3,41,110,268,375
2411084,39697097,3,60,130,238,350
62073330,2588939,3,49,151,244,359
7519652,45990138,3,59,118,263,372
27507043,36512964,3,17,185,248,353
49532085,53630767,3,90,124,210,321
40430147,1195942,3,26,161,209,327
29942286,88963563,3,96,174,219,310
24871513,36674503,3,32,177,212,368
56263795,14988572,3,73,112,214,346
26321046,54869247,3,8,155,258,331
22917596,18047370,3,36,128,215,328
2588939,95451477,3,90,140,282,349
9013426,11300062,3,51,155,285,333
27755228,6967232,3,45,130,289,332
27712783,4725174,3,11,170,201,399
52782485,16384480,3,70,168,283,357
3358929,55610373,3,17,114,217,385
13286828,20642856,3,24,152,204,315
89524471,91483642,3,66,176,221,304
18463157,1909339,3,16,171,230,348
98378496,41343948,3,90,159,262,322
66961566,20559342,3,24,113,224,340
41293120,91788417,3,24,154,279,385
35833182,56227637,3,53,109,210,311
42365909,29942286,3,54,121,284,327
53411021,40515932,3,90,113,265,394
97561064,26500083,3,3,153,265,346
65747885,11311771,3,13,154,259,356
58713277,57899435,3,74,191,221,378
29942286,91811609,3,88,123,290,356
8963040,57454466,3,5,124,238,380
20688731,21547462,3,93,181,256,394
79362409,99500546,3,88,196,299,372
82594062,86821120,3,79,165,282,308
23490241,86295256,3,90,154,235,312
72741122,1356835,3,69,114,282,308
91539636,63514877,3,67,112,201,389
99894281,13976828,3,81,146,215,334
83832488,84016892,3,10,166,248,343
78134743,64616048,3,93,189,245,332
52309191,47497170,3,9,147,267,369
37655465,1368680,3,51,149,223,365
40641501,96067012,3,1,140,292,395
19686554,12968253,3,95,120,293,333
45315576,33297132,3,59,137,270,382
78040011,72866661,3,90,112,274,318
29682545,74301887,3,31,165,282,302
6518014,76990275,3,32,147,200,309
57361282,58336122,3,80,191,203,387
41870667,61825754,3,5,100,245,303
17055521,30427337,3,69,100,212,393
9886484,58383160,3,91,196,258,306
16255469,81938027,3,68,170,285,327
87991063,72986438,3,6,110,203,358
44780972,9034827,3,25,184,209,326
94658761,28202536,3,60,172,204,356
27507043,29307751,3,77,184,232,397
45499241,40430147,3,48,147,279,371
18764772,9632267,3,20,158,248,309
93516836,4293435,3,27,156,267,386
19391323,41451464,3,82,116,274,351
81702523,44780972,3,5,190,231,343
65688446,77276493,3,52,113,285,389
67454945,39025106,3,70,129,288,386
72603326,46274912,3,87,178,236,371
43856074,35623783,3,37,117,239,328
25222999,61390425,3,51,141,235,367
93516836,39374992,3,3,131,212,353
74454416,34297417,3,31,164,266,314
13857148,96376171,3,86,195,248,330
27159196,36964396,3,15,141,244,308
27712783,40543553,3,57,140,285,332
30927371,4449259,3,76,144,298,315
17292874,33574826,3,39,144,294,348
49505243,16384919,3,31,143,283,366
49769760,25327758,3,83,138,216,372
24871513,27800418,3,81,105,210,347
25116789,9939980,3,41,104,229,309
67775043,25327758,3,36,137,293,399
91833240,66961566,3,80,145,212,373
44597564,41809047,3,79,180,237,364
19066394,3355211,3,60,193,201,321
57454466,15159568,3,42,184,201,353
54453934,73257134,3,80,142,260,332
4520873,10797208,3,2,171,266,381
3358929,37707198,3,7,168,226,308
41809047,31501038,3,34,177,272,330
6159312,66655833,3,76,198,231,385
7166745,53073540,3,26,147,247,311
62002370,33535335,3,19,124,282,333
18770728,86756445,3,8,117,233,387
53990165,72659566,3,94,102,294,354
76863896,85859342,3,67,138,203,331
68089076,13464414,3,1,131,243,383
84051388,3912027,3,58,159,250,330
11198280,55378606,3,86,108,220,375
89261509,10797208,3,79,145,287,325
74548654,91372340,3,38,111,205,397
52782485,34044866,3,30,165,248,351
95153062,11841039,3,24,171,250,343
8963040,50960045,3,19,149,262,348
4449259,63514877,3,86,158,293,373
37798408,34423766,3,46,177,216,347
68118235,80889253,3,24,159,284,369
48098723,38308060,3,41,142,233,398
39135566,40228913,3,73,155,242,355
18893070,44780972,3,30,105,208,376
34508366,43355934,3,57,179,223,373
97561064,94443498,3,96,176,228,315
46274912,28089126,3,29,183,238,371
8971088,51094488,3,68,138,267,328
52736884,89261509,3,35,158,222,329
53292765,24244207,3,76,134,260,364
76554114,81019816,3,95,153,272,359
71919802,24257672,3,14,187,223,386
84016892,24395226,3,77,155,211,300
54942642,67802809,3,32,162,234,391
62002370,11471082,3,93,104,265,317
78134743,18047370,3,87,147,282,383
93777472,64464013,3,69,156,252,384
6902281,86888137,3,76,182,241,383
6683133,89524471,3,20,104,273,372
