src_origin_id,dst_origin_id,edge_type,prop
88608944,56011104,0,0.5921986403564579
25620224,23490241,0,0.43763680039894826
73825960,33220064,0,0.10328413964390226
71174363,66180684,0,0.37709995728186774
44077335,89261509,0,0.7875273440698294
48408624,51252932,0,0.5668111727350951
22987690,3355211,0,0.7303222666620756
26996372,55156021,0,0.7100920899928622
53845671,41809047,0,0.7652816139375738
19335029,34321551,0,0.5035810695127294
94106030,91412744,0,0.3450774076580648
72866661,9584059,0,0.49904758917709324
36110397,31385488,0,0.1916235976987023
2079460,23384883,0,0.998644704864278
69736669,33574826,0,0.18412266925101273
15292487,35775748,0,0.6075819990149831
98378496,94352667,0,0.629978676794371
86143897,66077234,0,0.5951029326476521
67726424,4574185,0,0.41154885437999
84881540,68005345,0,0.2262864195505817
4836298,64857112,0,0.1951448260391797
20688731,91453235,0,0.026883035139976363
68466466,24257672,0,0.6736716248977762
93520137,83693176,0,0.5868869222210548
76863896,97561064,0,0.4769322091278405
33535335,37502990,0,0.1720698632246761
70983004,70723339,0,0.04479091752469422
46145472,62425525,0,0.6855566028375966
37980652,68986527,0,0.6920767767500476
10114522,72741122,0,0.5544645778857835
50250153,62073330,0,0.911858396047705
78040011,28164398,0,0.6365536614060335
41432282,7166745,0,0.27389049723670167
51234426,37980652,0,0.954945489762546
98378496,95225549,0,0.45136692577568127
13685033,68519817,0,0.5276437658234557
13382034,74834033,0,0.8204995470529429
47357817,37097757,0,0.5342958587051677
50096137,55019911,0,0.47178222786324575
25717661,23851662,0,0.8706717515687374
55378606,35312721,0,0.5881322329400889
76100399,27755228,0,0.6517581564462415
31184430,49151534,0,0.6486825680052611
61296415,85647670,0,0.5573568449041093
89955490,54044477,0,0.4432299282021581
73953635,95184348,0,0.7296116643843371
80229649,38474399,0,0.7262916697314419
13857148,98571925,0,0.5812480288287712
73825960,22917596,0,0.7290536876584734
68089076,47497170,0,0.15400248954600038
93590592,58336122,0,0.24494956122919076
50096137,46725166,0,0.3240061077384818
27159196,44166847,0,0.6139072499702356
39342639,84672707,0,0.5570929131025346
69018752,79563067,0,0.5748130656347028
10941305,13437593,0,0.7978256566088535
24244207,31756795,0,0.5417427830206061
89019807,28622226,0,0.5453899121861109
19469488,51234426,0,0.27833880855055515
89100001,2620720,0,0.6930164595965532
78808114,13976828,0,0.9899733367705548
68780466,46121993,0,0.8440326727237812
52477331,93590592,0,0.6250141879024392
52884794,71174363,0,0.8372531421544377
68330823,96365107,0,0.137250723729327
11047977,43231809,0,0.11446521320673708
7658303,94120065,0,0.10384057560423843
36495345,49224563,0,0.932261595985611
49078377,98831516,0,0.21671720961219665
51310197,39374992,0,0.89322139702583
29133967,99521999,0,0.4519149408458296
88608944,53073540,0,0.7780350038544694
47380519,74879002,0,0.5946194985134203
24257672,50960045,0,0.03152118332008158
59726120,97258118,0,0.9524888500568179
34834363,11841039,0,0.7549252630990317
62325005,81752722,0,0.31188285170297925
66224027,34815842,0,0.6606580321019471
55251756,97707645,0,0.6346539308137975
6310965,70580769,0,0.9789480409417984
41512662,9946453,0,0.8419347602923429
80229649,93777472,0,0.7014797394374821
85225525,1208580,0,0.44763803842508354
19469488,76671007,0,0.9937985208827622
35312721,91274177,0,0.513164438404697
73943821,14355256,0,0.9391701302403949
59222463,66779712,0,0.060796680369156864
47380519,66736711,0,0.7452382203065162
73099558,5910888,0,0.40382474301217974
73257134,33220064,0,0.4680370345121122
78693286,38643000,0,0.8601915288301372
64857112,95906696,0,0.19437282411623324
96839884,15592600,0,0.08513276880325427
57303434,40695972,0,0.17237458574263953
74548654,34508366,0,0.514919097066486
82316203,39376211,0,0.3398558415537304
66779712,89955490,0,0.7637190272414481
95437743,24871513,0,0.250634847721827
57514371,23745026,0,0.3561795907950289
57303434,31577392,0,0.32815711126809033
41170770,19351851,0,0.7353083458404577
94120065,16046965,0,0.8891664745265885
68089076,48357163,0,0.8479627922738111
13382034,17264768,0,0.15386540490628897
74345801,92833735,0,0.9245238776324897
2967861,42160804,0,0.0962755389946387
53596992,75028875,0,0.03541618171871497
77905676,24655996,0,0.11141371355434027
38056000,64616048,0,0.2989472608784657
96365107,95912131,0,0.5617611448337514
31664255,21547462,0,0.9136733999480035
50978393,46145472,0,0.749972692391736
31385488,89261509,0,0.7860552327852781
60922370,33827959,0,0.22549655878296604
19153623,52782485,0,0.4794212701434514
89955490,97707645,0,0.508866842573799
36674503,1303155,0,0.8962936803391545
39697097,80204676,0,0.8842112189488374
31577392,3867226,0,0.6654628096667451
10797208,99500546,0,0.728397697365281
15941972,46596747,0,0.9363256400086506
69942708,17055521,0,0.4197053165425443
75033688,88608944,0,0.8087747387513137
31840240,50980172,0,0.32839036905852625
23234376,91846905,0,0.49855650006399765
52736884,26949505,0,0.1361459352499742
63784743,56904407,0,0.6692119725370432
36495345,72661267,0,0.8366539781637558
38301746,97388623,0,0.6743356578853501
16364896,67454945,0,0.10994111283809249
91412744,37923579,0,0.028334983876634356
62508360,93918643,0,0.8233354923019448
53427267,8027034,0,0.23173134745499402
99099551,91846905,0,0.46722775025335195
52564440,4520873,0,0.4714949270243154
83527038,74540377,0,0.6968097652144182
53427267,94698023,0,0.7764076197014497
32231430,81404877,0,0.4763227290667763
68775273,32009498,0,0.9786031537029884
34452965,73458571,0,0.9829418181573332
53951419,10797208,0,0.8409173018321497
13857148,15592600,0,0.5655515367750447
37707198,85225525,0,0.383779319740175
68421828,53411021,0,0.984910598462322
84672707,2079460,0,0.05759491330092281
41103028,2060106,0,0.6406500078407059
4574185,39342639,0,0.3246917433757217
46780709,20139115,0,0.6055761373689985
2322309,95906696,0,0.03763893635089943
28516216,30427337,0,0.25929589046114365
94781198,44597564,0,0.07260085276823924
86295256,47357817,0,0.7541447114250369
58336122,96067012,0,0.9248993203691297
64464013,34508366,0,0.5112230919977824
14812650,54737719,0,0.0747214549848203
69214312,47603926,0,0.4696263862044098
7955754,71637063,0,0.9756014799712279
37593271,57514371,0,0.8104694339198438
29133967,33827959,0,0.9493617130156956
52998304,18203025,0,0.5701317541231294
20098891,39992385,0,0.7418438213414332
49819075,9820833,0,0.38480455275424497
77220873,32009498,0,0.2961009761115815
67802809,50447883,0,0.37066661266076195
43731767,7625930,0,0.6238023824688046
17292874,40486866,0,0.025357243957958464
85506287,97561064,0,0.5752698236833329
95451477,53990165,0,0.5183151847386523
37113338,2015515,0,0.5221519819750999
3767680,61825754,0,0.16502896676104006
34423766,3867226,0,0.041424799637078125
96842086,8934676,0,0.38118895170999223
84672707,93921337,0,0.47185424086446437
56227637,68519817,0,0.5991267170498735
14812650,8027034,0,0.08455325355187127
72055385,54424487,0,0.7133393295857443
96376171,97388623,0,0.04169904520316703
42233067,7658303,0,0.1563796972327689
26500083,42233067,0,0.9800051642610695
47699636,11001171,0,0.8866875121609434
26984970,19469488,0,0.9862928883435289
28516661,13588140,0,0.1693619876691026
23384883,62443889,0,0.8286909107144995
2079460,26321046,0,0.5319789218030738
72921814,43355934,0,0.46891654342884526
86931192,73099558,0,0.33192329938498233
23383243,73953635,0,0.14336601600325793
74540377,3034317,0,0.8800678400863083
55894453,69931260,0,0.8606781478730897
62295681,24257672,0,0.7123107011556987
96337383,62425525,0,0.19754885207052875
96839884,67454945,0,0.5614982226772149
18203025,49738747,0,2.4260343137738616e-05
11841039,14037535,0,0.9607873983734961
51310197,68775273,0,0.6640972510633706
75483667,13685033,0,0.8266723247542513
22917596,65133803,0,0.5560616497866565
89524471,62343415,0,0.5122729947714332
57335448,95482810,0,0.6942935903463917
39374992,11311771,0,0.1299228886893271
68920491,18764772,0,0.12765040075164025
94106030,45315576,0,0.1827349593144939
21535596,40120676,0,0.16952668969599782
14424506,35803587,0,0.7902302149045222
14988572,34423766,0,0.31590316950667396
73099558,86295256,0,0.642844231646147
62325005,10234798,0,0.47619623982842885
17237660,78100062,0,0.08201260941280508
86652557,97354792,0,0.2218220792010691
65719857,15566006,0,0.4954152028423112
58496287,53427267,0,0.1526646746781487
80566825,15941972,0,0.05897787142484845
27159196,1356835,0,0.5650013579162528
27082796,76990275,0,0.03793487616927693
39342639,36964396,0,0.37355035505070877
86532794,47603926,0,0.04036176118778678
41103028,39342639,0,0.02903693816082953
28000741,2253877,0,0.5740984791903605
79002309,1654993,0,0.008346011001719056
72741122,70971988,0,0.32970065563017736
89829116,85634252,0,0.05121926739631277
77738881,49532085,0,0.7812462082921455
20756767,28404703,0,0.7163565631369752
73598248,45167728,0,0.09875659223576105
89046641,19153623,0,0.10244121502884307
52051399,42160804,0,0.6343872620232673
25513924,73818897,0,0.585858824140151
10234798,10114522,0,0.9719205259029896
54557409,21109584,0,0.11400873542387235
38044575,63965515,0,0.17874384979408298
45990138,59726120,0,0.3451002642067489
89851872,38308060,0,0.8953826923504304
25637186,4574185,0,0.8798932492827278
10694337,57361282,0,0.32819571532852987
94794415,50900292,0,0.35709807427959106
73353746,40641501,0,0.6781221594145186
10797208,95482810,0,0.9195948369247381
75906761,77220873,0,0.04515725969228879
82080429,77604210,0,0.6574340745544418
37593271,21527628,0,0.9338901791777445
53411021,75002527,0,0.3284504514050044
58713277,92010362,0,0.15904306856559525
99250304,35048202,0,0.6407915483784136
80397737,29575344,0,0.7620545172490589
20107904,37502990,0,0.5637040332134529
18192833,40228913,0,0.6634993866661018
46968781,8963040,0,0.8617024047010298
5750662,15177236,0,0.7501975415879513
44077335,27047919,0,0.6548811571128644
38044575,17287080,0,0.35533164759735547
68466466,62425525,0,0.5629901613645683
62601383,13464414,0,0.5471048833338257
35803587,8963040,0,0.3298680108650195
84051388,95554445,0,0.2200555358533688
84881540,80303223,0,0.3386596497388614
28276674,34872913,0,0.7014580261742023
8710793,93520137,0,0.8782336617504362
20098891,32627895,0,0.4862577376462085
65719857,31577392,0,0.4253355875671202
42233067,34044866,0,0.8785011761377665
89853089,95225549,0,0.4057863505969288
48945237,29952687,0,0.01950266841908721
89524471,48408624,0,0.3734134885045889
91883290,76990275,0,0.14348211590861382
95906696,86756445,0,0.7359206350173992
39376211,66447833,0,0.7168165518250188
29952687,13721129,0,0.8659173864871422
39992385,51234426,0,0.6863707165150682
70610490,42233067,0,0.4131794829628641
29547242,6539683,0,0.32301555545811966
27800418,8710793,0,0.1340856592226256
89046641,7519652,0,0.8036674445417278
57303434,96842086,0,0.1574257100850187
7625930,71174363,0,0.4150815393553695
10557084,59222463,0,0.5447282544108175
55182740,14851583,0,0.8375466111751859
4674558,10828241,0,0.7037476636089809
79002309,77570634,0,0.011971679258920509
80290923,11471082,0,0.28560440146469135
15159568,51372304,0,0.07617171253322808
58477116,78134743,0,0.9537968517974402
78080024,85634252,0,0.0930922972168996
79318025,42254850,0,0.46679311106863697
59071361,62073330,0,0.4409352141208378
23869190,44383413,0,0.3801418392501007
24547668,21527628,0,0.23288714206902905
45274356,93516836,0,0.11723463568643921
89851872,84288291,0,0.8736726384294554
1303155,86888137,0,0.19789498473954514
74301887,6539683,0,0.15548245826046347
4725174,84288291,0,0.3757292334741966
50096137,27649656,0,0.2826184203147428
65688446,50960045,0,0.2827203778683647
25717661,64464013,0,0.4183673076137403
89851872,57514371,0,0.5309441775527091
14398967,63965515,0,0.15867154173377485
5873920,86532794,0,0.6882255044803339
25116789,54765901,0,0.8858656711965377
46750376,6683133,0,0.3178282138987796
93918643,84802060,0,0.2490800673161997
76576897,3912027,0,0.01511737105223232
9886484,18443315,0,0.7935552528946117
47357817,18463157,0,0.9387937658720754
93533308,18956374,0,0.6301754372254453
35623783,40543553,0,0.4782146913229606
33717332,79563067,0,0.2697789584002602
35312721,51234426,0,0.1711638383691706
14037535,94781198,0,0.9233325692864297
14037535,60922370,0,0.12544864585041493
5248334,35803587,0,0.11793192198478508
89853089,57619318,0,0.48940414549284184
27221222,68692189,0,0.6746607475618767
17230691,75906761,0,0.6135009237521284
80303223,29848328,0,0.1985097177710038
4473097,95554445,0,0.847003202526845
32627895,16611799,0,0.44704827951333603
40406738,37509398,0,0.5097295946525829
25923698,20098891,0,0.32912588813927757
74537695,48328879,0,0.7204179876721691
16318738,86198845,0,0.4196963264707485
71428421,33679470,0,0.6812841075355577
8681781,79364590,0,0.8586474332136043
91157005,61962881,0,0.028468499323068275
81310739,11047977,0,0.770209869029968
75028875,49769760,0,0.07269328688669163
86295256,43856074,0,0.04589184233494392
40228913,46329613,0,0.6658128255824957
83693176,27507043,0,0.7565036455211892
76863896,53208998,0,0.5362227661265062
40641501,96007668,0,0.9039250502485852
24547668,45906853,0,0.4672382551988198
51396045,45167728,0,0.332285135015158
20688731,30426367,0,0.8291024057623322
9584059,73953635,0,0.4453769281134422
70971988,51223342,0,0.15458400980302034
4725174,86931192,0,0.864524735150002
90357232,15159568,0,0.47880655462887833
75483667,70983004,0,0.3259452258816906
66961566,35911711,0,0.2855985904953213
77220873,78010500,0,0.3011840723822127
71456361,52309191,0,0.4608042283977781
20807622,40228913,0,0.5155738095172655
81227891,9820833,0,0.86847232813326
25717661,93918643,0,0.6333116610867271
46062293,50960045,0,0.35521591359155136
19391323,83282296,0,0.7398104061320271
45990138,57701748,0,0.5913326815383895
2322309,14746998,0,0.18451391357143887
24944608,6902281,0,0.22723562692692034
46725166,44597564,0,0.5510800611793841
28516216,48945237,0,0.2058603939598257
65747885,93402621,0,0.22167680779095522
62002370,76990275,0,0.20522514369592892
24241514,40406738,0,0.5301486716156967
1909339,81702523,0,0.18908025848076693
1013990,9584059,0,0.4015428814989176
40159475,85647670,0,0.6955576739616163
83832488,83282296,0,0.10810783348777597
1356835,19066394,0,0.4881218214646539
85506287,30426367,0,0.18285904021949584
57514371,61229605,0,0.18460692892957198
11471082,94352667,0,0.40889690068104234
74158023,7658303,0,0.8249603659776126
24655996,66447833,0,0.8597742027003574
30427337,40089677,0,0.579770065823771
99894281,1208580,0,0.1860025360462575
46121993,71428421,0,0.31079374221909306
36858623,10828241,0,0.49643600695001033
40380082,48328879,0,0.7721796378028006
34044866,66793671,0,0.8419073340635281
53073540,25923698,0,0.6044790626194432
54557409,2490822,0,0.9642081228386404
33297132,14746998,0,0.6597207564932468
58336122,83220631,0,0.8000447554692274
70723339,55610373,0,0.13566800901364073
84802060,45030044,0,0.3253937837456309
33679470,21115640,0,0.3977096555335218
50937583,8710793,0,0.6300783105371776
60870059,9946453,0,0.3688448336693647
11001171,20714438,0,0.7922347945650907
91858045,25620224,0,0.6831530849783288
23490241,35048202,0,0.9380226502448297
19153623,57849437,0,0.7015673761942827
7658303,13685033,0,0.3090801109288427
11047977,66736711,0,0.014176028472703828
67726424,62508360,0,0.009600295613557686
17024972,79378362,0,0.38857107198718466
13464414,62601383,0,0.004404995510267629
86652557,83527038,0,0.9173293855635462
52782485,31437775,0,0.7073641538889134
62325005,93918643,0,0.5105651943046744
51852077,62295681,0,0.36626305257689507
63514877,1725157,0,0.35633237065765766
61204358,70919399,0,0.4875543415579445
32627895,42254850,0,0.08415556922903977
27047919,86504213,0,0.8524814596306247
58713277,73696441,0,0.5519940055248217
86504213,2015515,0,0.9780846634007607
41432282,22517280,0,0.734645508218615
35312721,11047977,0,0.2054109005595256
36495345,74548654,0,0.08626190522682842
96007668,13721129,0,0.8601906231736988
90279207,38722955,0,0.1705316185108059
57871687,34644971,0,0.4509633770987663
95912131,34423766,0,0.4754800163866334
69942708,36903596,0,0.468293243055374
73825960,66312765,0,0.34181450535776414
45315576,51094488,0,0.7312390829772604
33717332,31146018,0,0.607784411457196
25618985,23234376,0,0.3568377530993633
72603326,57345100,0,0.35087431791834
88210518,40515932,0,0.497315507779281
78808114,97271167,0,0.7397143298855235
78200169,49532085,0,0.5269016310557366
74301887,77566275,0,0.1965585639495151
25116789,94794415,0,0.04991779883137948
18203025,28516661,0,0.13353643681369498
25923698,52564440,0,0.5526345545972693
14355256,84051388,0,0.5993497357704741
57849437,46780709,0,0.10963902895515754
96365107,34872913,0,0.13155394765451933
91811609,4434952,0,0.8852050388529897
41372708,65394187,0,0.3495189261679126
91483642,1194755,0,0.5828768514316
88677902,8971088,0,0.8003848734658181
68920491,40695972,0,0.9131400109727351
8037069,53596992,0,0.9277796215825719
46750376,29575344,0,0.5734840627525613
94352667,51393446,0,0.2443519855405777
57514371,14130343,0,0.5508377617960718
10403480,57871687,0,0.9657903060703097
98280332,35775748,0,0.39000469098310186
40515932,73696441,0,0.6820974323530036
63965515,27952786,0,0.19157764204701588
47357817,19153623,0,0.08093460505240557
63784743,31184430,0,0.8604530906947898
77220873,38643000,0,0.8074175234088432
10820488,42233067,0,0.8048899166011491
49505243,36674503,0,0.3370129843638895
26555355,1740252,0,0.30796567651938345
39025106,66335041,0,0.7137392548043275
65719857,99720713,0,0.8285968286548956
24192935,33297132,0,0.9739064802753522
29307751,59726120,0,0.5863755006150271
88524690,5944102,0,0.40503204255478287
84881540,13286828,0,0.9215639181262537
93921337,10403480,0,0.20932822581864152
78808114,96750709,0,0.7819315227442254
55845924,37532641,0,0.2712219805586137
94352667,96300127,0,0.8434061994146216
64196311,86756445,0,0.20981836947867072
3355211,2253877,0,0.5144519027543395
70983004,88608944,0,0.9036189823982244
43422077,63559877,0,0.17119229889784504
53596992,21547462,0,0.9038107512915105
21115640,71830144,0,0.8229511727000821
38474399,86727847,0,0.7882839150472077
84578254,11311771,0,0.8608096894621761
42254850,29307751,0,0.9458599728587663
22217366,63514877,0,0.47706227939373824
61204358,53951419,0,0.6160336650570482
1194755,97388623,0,0.8600746188574452
29848328,23383243,0,0.04220396795623271
22217366,15159568,0,0.4192662535056716
1208580,69214312,0,0.3878150782852692
53951419,65771857,0,0.7044712455878648
74512676,13588140,0,0.40485350254926367
36110397,10797208,0,0.5869598277472685
32627895,63784743,0,0.2565589666208311
89829116,45499241,0,0.8277226582442548
46145472,22987690,0,0.6602625436033326
71456361,43673731,0,0.23399327840192408
8693754,28164398,0,0.005806251692198727
10694337,6539683,0,0.6743475278645971
57616772,17291348,0,0.8124295296439086
2620720,78693286,0,0.0004864131894212198
93123777,18764772,0,0.388766522055896
36495345,66539797,0,0.6448021865583475
86727847,67726424,0,0.021050617751390943
45906853,75033688,0,0.2891778393058376
98280332,79841776,0,0.7614546755222795
5853950,93411439,0,0.19433280726854096
68089076,1303155,0,0.6893213671102938
18979483,79378362,0,0.42566248574082444
84016892,46780709,0,0.4757403467143936
1208580,30927371,0,0.13060985212208398
73598248,22473229,0,0.8399253950547554
36512964,94953815,0,0.6437790533616363
92075168,56263795,0,0.037268838945839655
73825960,55182740,0,0.844616494321878
13286828,24257672,0,0.732025323378535
15941972,53630767,0,0.017291895749488972
30599296,4674558,0,0.6895692435328673
10508065,87689366,0,0.6241794201120925
47603926,93533308,0,0.7765383252420883
35623783,98005269,0,0.9791470138930624
39952079,14966763,0,0.8010979542880203
13588140,28245948,0,0.1178826583746273
27649656,29952687,0,0.057823975820620266
61039156,98423772,0,0.04787521090702218
68692189,62002370,0,0.5836590554913372
96037627,49505243,0,0.7914492234548461
3293181,89524471,0,0.7227637157566927
21115640,36193280,0,0.809066264747691
67919441,95912131,0,0.725135072506588
94781198,91846905,0,0.8675113293461373
97561064,99351939,0,0.751547674248639
67282173,60362229,0,0.6091565485185463
41293120,77276493,0,0.1993499730079722
55610373,47603926,0,0.6540148394767917
85859342,51234426,0,0.005043849629870034
72208118,38643000,0,0.8424372995203366
3355211,13685033,0,0.7407788936939118
43231809,2411084,0,0.2370587200491504
37097757,13721129,0,0.33347408532455103
82316203,2490822,0,0.8413122193013319
24871513,92523951,0,0.7454716863317721
31756795,25579174,0,0.18984198857464796
68780466,21527628,0,0.22811430547148936
76990275,36858623,0,0.14749548830464154
94698023,91157005,0,0.9279326859898092
29848328,75906761,0,0.5836907256438957
37502990,80204676,0,0.8956579688140761
56536881,23234376,0,0.9055425598709606
6893312,79563067,0,0.15177606967955692
24244207,20756767,0,0.32109096897024836
84802060,62073330,0,0.42699956476563083
94781198,56202252,0,0.05336719842485882
14988572,9584059,0,0.3653657841808359
65747885,58340233,0,0.34749515877072434
64196311,78134743,0,0.11265625504984711
19335029,46121993,0,0.7514085811966474
58383160,96067012,0,0.5359259396912918
64464013,57899435,0,0.1902847920751637
46274912,18203025,0,0.9377449070702977
10797208,23818251,0,0.12470416210087198
33451035,91483642,0,0.8464743944249166
20807622,78808114,0,0.6549459763315526
37556663,95906696,0,0.5346858852697944
76671007,96376171,0,0.493744012984056
12968253,79670402,0,0.0928109750014503
24395226,17292874,0,0.04625352980230102
56581181,11300062,0,0.29531037573348673
66717050,62443889,0,0.6855197995299919
45167728,57057530,0,0.3264868291148957
93516836,4293435,0,0.04015907333974311
27507043,29942286,0,0.9778198813287774
98005269,73943821,0,0.8905324916428261
66956270,93918643,0,0.1012289488463195
5853950,10508065,0,0.17688465993494973
21527628,14398967,0,0.894155007021602
83832488,3293181,0,0.29057704446669896
9820833,7519652,0,0.41219994351253875
20818552,50937583,0,0.9068600150948966
23869190,35048202,0,0.42380965864122555
15566006,91453235,0,0.82315900545083
52736884,13976828,0,0.07255079422702693
99250304,75033688,0,0.8335350059896506
71087673,96770974,0,0.16765077678665474
91858045,99500546,0,0.8522425839498666
86652557,14778582,0,0.6395490067671651
37421444,84802060,0,0.3749632633560239
47380519,66779712,0,0.43924332707076563
54453934,20098891,0,0.44568944161868873
44780972,9519342,0,0.9920709420811478
11198280,20323232,0,0.015749419908073103
20525355,13464414,0,0.889778315488022
17237660,40120676,0,0.9197080948448163
63514877,42160804,0,0.7487673658483011
74879002,52782485,0,0.7969161234529542
28164398,74548654,0,0.046714434962704554
40380082,4449259,0,0.6272675579822187
15592600,62601383,0,0.9817878887569751
97354792,20107904,0,0.2989549084296793
86532794,78200169,0,0.8980833743844219
41512662,41170770,0,0.016436214259837545
3341244,67181841,0,0.82034339635502
37532641,39025106,0,0.5227925862543965
53845671,42160804,0,0.8628347698827281
31868927,55251756,0,0.2071280782118713
98378496,92075168,0,0.2618981233411011
57701748,20107904,0,0.3989925462299728
35144728,15868038,0,0.6101876279707694
93533308,40228913,0,0.6932696292698307
71637063,13036784,0,0.07268709106270821
68466466,9632267,0,0.15867879703201793
30599296,76415424,0,0.34696067115825857
18203025,95225549,0,0.48334711797230867
65394187,31385488,0,0.3916835912554897
39374992,2794837,0,0.8617270983281344
99676093,62693492,0,0.8019897271948727
38455192,20107904,0,0.448722263158582
68986527,11300062,0,0.3113754781964171
58477116,46695055,0,0.20359696534923832
11047977,59979087,0,0.18850470166350597
97354792,51234426,0,0.43996571781696525
36141023,88677902,0,0.9878111132387926
54942642,47898875,0,0.6897924717418169
46378272,10797208,0,0.0697881064613306
34044866,18667655,0,0.7136834473086356
39376211,77905676,0,0.6251197926478775
90430454,31824718,0,0.4318587651012502
24192935,99099551,0,0.4396618835072277
67181841,34297417,0,0.30967938896899727
62343415,7625930,0,0.7288796680131581
55182740,9946453,0,0.478633175922646
36527641,27952786,0,0.034422347790888375
5750662,31704221,0,0.5274698664974818
97561064,5873920,0,0.25069908941873287
2253877,61229605,0,0.8884713265876569
84802060,17291348,0,0.6100994990786003
46780709,40089677,0,0.7250466748933555
77905676,35048202,0,0.6442716261828999
57899435,18979483,0,0.28592028398307845
8971088,9820833,0,0.8336101087460821
68089076,77516821,0,0.7937647621518494
2490822,98423772,0,0.8869659972166117
91558724,84051388,0,0.7344310519435976
10234798,27082796,0,0.6434779825283425
46596747,1725157,0,0.02735102988339111
37502990,5750662,0,0.3220008641406139
6310965,13464414,0,0.9939971571664353
10694337,75002527,0,0.7407698538020152
24871513,52884794,0,0.4548695162648895
46724148,78134743,0,0.027097501088093057
20714438,88608944,0,0.0505902193685307
46062293,21086364,0,0.09948961149104574
71456361,47380519,0,0.9225676086971186
76046588,46703176,0,0.868961444421043
38044575,4574185,0,0.5866367457415047
44780972,84802060,0,0.722585629509432
57345100,79362409,0,0.08519546572501058
4294049,77047788,0,0.8725490536528235
51094488,30927371,0,0.880435758938759
67726424,34834363,0,0.127925420885166
74512676,27565620,0,0.05090320963835748
18667655,1208580,0,0.6903476552622789
31577392,51372304,0,0.23733155221396773
10114522,4473097,0,0.7539091621143088
57701748,14726151,0,0.11426324783058683
71087673,8175831,0,0.8543540513193889
76100399,97561337,0,0.9005977537555057
62225706,13599980,0,0.08017744515744829
72659566,26321046,0,0.9704478193152344
65719857,32042730,0,0.6496520674081079
96770974,47357817,0,0.8465013457970347
56581181,94120065,0,0.6895703315468011
74537695,23383243,0,0.9012515228463045
80566825,73818897,0,0.26416172563480156
5984696,77570634,0,0.9536662702260751
97707645,28516216,0,0.42813685935756096
36495345,12723760,0,0.5776855379301735
30111815,75002527,0,0.6099032596904519
23383243,35775748,0,0.5039761410516307
12330213,95912131,0,0.048969195347105754
44591337,91811609,0,0.48348559611814046
77570634,13599980,0,0.5241501326418756
53348312,65688446,0,0.6533532497627256
18203025,56626757,0,0.906025681899889
96750709,51310197,0,0.09249537686765175
40454923,37784701,0,0.19495021456155437
48098723,62443889,0,0.3626260012231066
28245948,15941972,0,0.9544240100367485
33451035,15941972,0,0.8112921377241072
18893070,81938027,0,0.7565796651840392
5630479,95184348,0,0.6129204792400892
63412296,1725157,0,0.06798817444145078
57899435,40380082,0,0.20954898765339114
74537695,46695055,0,0.6209734703357789
4449259,54737719,0,0.3358885403605941
66736711,54453934,0,0.718128638361624
33297132,74879002,0,0.732892466737257
99521999,41170770,0,0.33847985965526695
24944608,9632267,0,0.9669673547819905
44852679,51372304,0,0.18828354133514036
13437593,45839247,0,0.25101908180197774
24908625,79274490,0,0.8119098646899355
10820488,94443498,0,0.7508756506770712
65719857,81137909,0,0.05082202974010097
74548654,40695972,0,0.43828328186212173
30427337,34644971,0,0.13483006213258664
88233505,93777472,0,0.8481090564740842
45839247,72824209,0,0.31975087928565915
24460567,89524471,0,0.5928079553486524
52669852,53951419,0,0.7579418291422131
44597564,70610490,0,0.5682925052960167
85634252,9584059,0,0.919554438971726
13420322,76046588,0,0.02912519394639501
1654993,74548654,0,0.6851344418712665
93490592,7488421,0,0.3092861793330185
70052585,55566923,0,0.19800484173077393
97271167,77905676,0,0.635686293106385
93411439,81938027,0,0.32329660078536415
24918530,34508366,0,0.5242218356245696
53797524,8037069,0,0.043455090956470044
16046965,61229605,0,0.7865761161393943
94698023,38643000,0,0.9777946881202643
36495345,91611215,0,0.8395948181041727
92010362,35911711,0,0.9101599424999623
41372708,16046965,0,0.34926165625151684
96300127,45990138,0,0.48169465201848705
8934676,85506287,0,0.5459383486741652
34423766,20323232,0,0.2850518608430418
18956374,20756767,0,0.30557146404452196
74454416,70919399,0,0.7598282175410783
30927371,70052585,0,0.27377868150306195
59222463,13420322,0,0.4581210054708795
31840240,94781198,0,0.5955849107517696
91811609,47816357,0,0.8771619286093488
68920491,94106030,0,0.15869472504749327
77047788,24871513,0,0.7556401417076626
81702523,1195942,0,0.2372333382889371
96376171,68466466,0,0.7673916041267459
15566006,98623703,0,0.7145985144950824
67919441,75483667,0,0.49191819649104973
12968253,4674558,0,0.9486170962331726
52782485,24944608,0,0.30908972211879937
40380082,79606521,0,0.6686203882511038
72055385,97388623,0,0.45956513524748166
44077335,47071518,0,0.3405453138644874
39202072,16046965,0,0.9675865335711576
91611215,96037627,0,0.7919579564666452
89907535,37655465,0,0.09179309961677085
57454466,37421444,0,0.7388882604405644
13727596,94443498,0,0.7553770010227185
26949505,24918530,0,0.15986259375694212
40159475,11047977,0,0.9178094273937298
63176449,27159196,0,0.9233563562299297
3341244,91456262,0,0.8301290045505275
11047977,50447883,0,0.1691075142139472
99483905,17287080,0,0.24259140310928162
72741122,47898875,0,0.08789014713533516
3074228,53348312,0,0.2139721308654864
23869190,54765901,0,0.6287718809586976
27408613,30427337,0,0.6713904557695121
58383160,94794415,0,0.17853764169953967
40406738,77905676,0,0.6282897092437484
15159568,57335448,0,0.14632875347197816
66224027,31146018,0,0.25008041708995155
86727847,83718079,0,0.27647249848511524
64857112,49769760,0,0.39556156636605255
66159459,14726151,0,0.9721048174729922
68005345,63514877,0,0.7792698639680515
4520873,98423772,0,0.8236188351010304
95554445,52519746,0,0.2914483072967903
13296659,35048202,0,0.48051964249415513
42254850,59979087,0,0.38789446961727336
95906696,28516216,0,0.6318395722745985
40120676,49267308,0,0.07763518574533246
43856074,85626932,0,0.5430915975316107
85634252,2253877,0,0.4655793587815984
53208998,3358929,0,0.619505888366339
37707198,83224282,0,0.5942904034614166
99500546,44077335,0,0.09030497254499836
26996372,11782869,0,0.38514173644245586
52782485,94120065,0,0.21301252143815708
41432282,55156021,0,0.3895181925740573
57454466,73353746,0,0.10609790724421586
94106030,78134743,0,0.5851756555739676
95463441,24871513,0,0.07688357664757561
7488421,57303434,0,0.14808390815631411
84474217,90279207,0,0.49068983664914667
47699636,83832488,0,0.5351286534762602
15566006,52519746,0,0.30121117387465857
31756795,34423766,0,0.417912320079454
93123777,31303766,0,0.9663768838929842
80566825,73825960,0,0.785995268123851
15592600,57454466,0,0.5685902510593742
99483905,29470027,0,0.1409473797235855
26996372,20107904,0,0.8475404280532948
97271167,20714438,0,0.024010619328737715
20714438,42160804,0,0.7752301499812407
90357232,50960045,0,0.16406426053333467
5853950,78080024,0,0.41594987883673284
90279207,4574185,0,0.0547783125957233
88404888,47276999,0,0.7154207560597009
99431405,91558724,0,0.9141929007385476
47357817,55610373,0,0.8714553304344294
10941305,66717050,0,0.22349685727214252
79378362,35775748,0,0.40448203533356286
76863896,5944102,0,0.19431127097565137
6893312,16046965,0,0.4426740930678966
53348312,63176449,0,0.4313692443506555
24547668,76671007,0,0.06842781064869341
2060106,39202072,0,0.9403707382885388
29848328,5873920,0,0.0750220024667948
9946453,33297132,0,0.056284895337191276
63105010,22517280,0,0.29542421501254457
2938645,30599608,0,0.24648537360339762
20756767,31146018,0,0.4775466646299461
99250304,63105010,0,0.21621632449907757
20323232,5910888,0,0.2691776539731442
40120676,30599608,0,0.422938500576858
6310965,62295681,0,0.012364289919471694
31824718,75085287,0,0.8772523960919345
39342639,29848328,0,0.16982055714538313
6683133,30927371,0,0.6507637716995099
76046588,98280332,0,0.6653556937828911
28622226,17287080,0,0.1014242801388352
44077335,29952687,0,0.3257393283783475
56227637,91788417,0,0.3795098337800964
56904407,97271167,0,0.005128279963994231
32627895,56536881,0,0.2766082023733907
8963040,54737719,0,0.43039424995689357
20688731,24244207,0,0.6300238345016768
41372708,94106030,0,0.7752135039298955
74879002,34815842,0,0.44695540234250286
9632267,31501038,0,0.5363358822190183
20525355,14946516,0,0.37381776000956735
87991063,91412744,0,0.6851004552144044
72741122,15566006,0,0.4842414648970832
9946453,45839247,0,0.3192758345497926
67726424,88233505,0,0.22035713240996302
10114522,33297132,0,0.5237539707303434
11047977,38301746,0,0.016337768570095834
96365107,71317039,0,0.4832466003146746
24871513,70052585,0,0.7867842125897271
85225525,87491664,0,0.2701625141351054
4520873,14988572,0,0.19133458565959138
81769175,1195942,0,0.7705565763499904
38643000,13420322,0,0.9371192255720249
57899435,21547462,0,0.5383299365839298
76100399,20642856,0,0.7543227225997204
84288291,13857148,0,0.0627249032158389
35144728,31501038,0,0.40705370745142033
44852679,98623703,0,0.13876262904111625
89019807,26555355,0,0.8547033364330592
8710793,96365107,0,0.842790246347032
74345801,91558724,0,0.29779184281537585
81404877,37707198,0,0.17726648778519638
25723014,24241514,0,0.12546677996415756
11852755,19066394,0,0.4805780698037201
68466466,86727847,0,0.5599126412634609
24257672,52051399,0,0.6024603917302169
50447883,81310739,0,0.7539109497903246
57871687,55156021,0,0.6106275156984852
55566923,18047370,0,0.9397482773989317
78808114,54044477,0,0.7552162790332541
50937583,39135566,0,0.49927554116465445
15292487,15868038,0,0.07438996225933658
50978393,46274912,0,0.7711822547590912
54044477,51852077,0,0.6023598824941102
47322095,76339936,0,0.5505391376107434
61296415,76576897,0,0.1797477766477742
78040011,99720713,0,0.016535361641666912
20642856,51852077,0,0.5841436264930692
16364896,42160804,0,0.8922939127565829
79670402,31840240,0,0.5803055691627345
31577392,60922370,0,0.7833638139024622
35775748,31184430,0,0.36385011370417963
70383408,52736884,0,0.07836127465443243
96842086,66655833,0,0.7070710585144605
47497170,73943821,0,0.9175038583647191
28089126,55731160,0,0.8500450476965759
91157005,13437593,0,0.5021827795422943
62425525,88210518,0,0.7064387706408932
45499241,5944102,0,0.22600555474899076
81310739,17024972,0,0.8652266055739553
33827959,99431405,0,0.892531068351196
13210892,15292487,0,0.24618158495427334
14778582,24547668,0,0.5438407241806018
52477331,3074228,0,0.22257273251560672
33535335,79274490,0,0.9740417244668187
87991063,89829116,0,0.9661907405026554
51703877,26500083,0,0.5104823797428463
62425525,91412744,0,0.9126439779200481
86652557,51252932,0,0.1995279906648777
3355211,93123777,0,0.8622792156548884
4725174,85225525,0,0.3546743817260868
43673731,88101462,0,0.27252410477200206
80889253,17024972,0,0.9869377618405449
31577392,66539797,0,0.5852142215893373
26664569,71428421,0,0.7721266216872694
76100399,17287080,0,0.5316423466583965
13599980,33717332,0,0.40033059473484167
51393446,64464013,0,0.12611057866198883
28516216,32042730,0,0.4181929345377382
24918530,29575344,0,0.9653321038623329
31664255,39135566,0,0.23945066563091444
51234426,27565620,0,0.17820843926840257
24871513,11841039,0,0.5582674225662085
80566825,76046588,0,0.39621387641436734
38044575,97707645,0,0.8622681541911037
28164398,37655465,0,0.23061212117251628
3034317,11047977,0,0.32036268115862754
5910888,3293181,0,0.07401589213091386
27507043,13685033,0,0.48899527063838755
50096137,96337383,0,0.7172543664902237
73825960,80397737,0,0.6561315620965918
7488421,11539379,0,0.11038836010585873
98280332,91846905,0,0.3855596010517751
33827959,44962731,0,0.30179721851612984
98005269,67181841,0,0.9407630769477086
95463441,93490592,0,0.26995385213660816
88317586,19686554,0,0.4819260274301962
85225525,86821120,0,0.29952880118792824
89019807,59726120,0,0.21497340865756365
98623703,7733802,0,0.08201946643484614
50447883,42254850,0,0.2706708133907394
20807622,71830144,0,0.21863394278083914
90213016,56581181,0,0.900018382556585
95554445,79002309,0,0.44769379145880017
27028477,96300127,0,0.8849925776187089
37980652,57335448,0,0.3516994662438683
4434952,27028477,0,0.3071424210897773
23869190,53348312,0,0.24442050571103124
9939980,19335029,0,0.2469867653756045
83282296,2322309,0,0.8613686106082573
59071361,16255469,0,0.6879182673725148
68692189,55251756,0,0.5258293783484351
2411084,93533308,0,0.24837749084803307
21547462,27410436,0,0.628333666009742
86727847,78693286,0,0.5158188660350774
62325005,69931260,0,0.4428742499808881
54557409,51094488,0,0.6675205899354775
55741106,20525355,0,0.9027092799286394
68775273,48098723,0,0.5326633041028485
76863896,44962731,0,0.09255293414919918
12723760,18770728,0,0.5128166366095407
28404703,21115640,0,0.5543557063114879
46145472,89955490,0,0.050569284801025294
9886484,90357232,0,0.7597948687447456
70383408,94106030,0,0.05292687435246879
99099551,25923698,0,0.1789871190524962
10941305,96365107,0,0.056602676949433106
81702523,94953815,0,0.03845907472505006
48357163,81227891,0,0.5444275205190322
45839247,69942708,0,0.938318292897362
54942642,91157005,0,0.7034126424647795
25116789,45315576,0,0.6169398653018877
11894572,65253049,0,0.3630187426831284
18764772,46062293,0,0.3599776433432951
62343415,31184430,0,0.9956909601651689
23384883,40486866,0,0.5494366964351746
1356835,18203025,0,0.41701543079846126
37784701,25513924,0,0.4329928242396077
44962731,69987535,0,0.3612422915289035
57514371,47898875,0,0.8121862235995754
13422367,39952079,0,0.44478562180573855
29848328,62230473,0,0.9437964351308102
42365909,15941972,0,0.2918770265754199
22217366,70052585,0,0.8956864588843743
37421444,63412296,0,0.924194837694097
28485269,56536881,0,0.9242789538950392
24192935,25620224,0,0.24614432984660417
91858045,93533308,0,0.16834224874531734
41432282,98005269,0,0.5235484825350022
57361282,88677902,0,0.8753437540095056
58713277,18203025,0,0.29915724649318665
77570634,89853089,0,0.1999124715727807
90430454,17292874,0,0.34255471436122187
60296550,25327758,0,0.44010411278883754
28404703,51234426,0,0.5355042908872891
72883533,81752722,0,0.9001617217670699
97571236,44597564,0,0.9355488235085007
37923579,55741106,0,0.8636361299068117
96376171,84474217,0,0.67618731139994
34044866,48043921,0,0.526728622014925
40228913,65639044,0,0.12573995686131756
15566006,80889253,0,0.7688032878448249
9901689,35911711,0,0.3614624906777546
98378496,91453235,0,0.2522684250121504
55251756,34044866,0,0.6766550091675315
18443315,72055385,0,0.07522930464661837
52477331,75033688,0,0.9272734608831522
76046588,78134743,0,0.4725772077601572
59222463,26555355,0,0.0038163928474769238
94658761,27159196,0,0.23665785747956458
70971988,78100062,0,0.9865620573955604
94443498,10828241,0,0.279604748441866
32627895,23490241,0,0.36854741825912973
33535335,13685033,0,0.27431920581007296
18047370,78134743,0,0.06061933785653861
8710793,34872913,0,0.5533127522559799
38474399,28164398,0,0.41520219063217234
21115640,24460567,0,0.6397816214170775
40406738,68917540,0,0.029182763914914256
83282296,11001171,0,0.7259095062978346
3034317,97571236,0,0.5566645578584506
5984696,74540377,0,0.33017744919278735
27047919,24244207,0,0.02924488700480854
72603326,38643000,0,0.05213237274023064
1303155,48098723,0,0.7930051403165168
94781198,72208118,0,0.384784253903916
2620720,93123777,0,0.6968539463262617
20107904,52309191,0,0.2692567780768752
66655833,96300127,0,0.6950624695832929
44780972,32231430,0,0.33061484302669975
13296659,36964396,0,0.7297259498191652
50937583,22987690,0,0.17816680155346976
5630479,29133967,0,0.17252599471943508
54765901,1208580,0,0.7362727063353742
91274177,7733802,0,0.8979555020059597
55731160,50447883,0,0.6609305070804034
16384480,29450849,0,0.9072480259603223
68607030,32231430,0,0.4401506800486371
96750709,2015515,0,0.06497851653925613
71919802,1909339,0,0.8827576388933975
79378362,44852679,0,0.31217757624505826
64464013,29133967,0,0.460651863286232
20268165,77276493,0,0.8840662905914438
36903596,24257672,0,0.1589319374737066
31520365,65025018,0,0.8775779194830422
98280332,73458571,0,0.6997569588618373
52736884,99099551,0,0.7964086833531544
19855302,40406738,0,0.8067603787881563
73696441,20323232,0,0.029995578311898696
53797524,91846905,0,0.5322736033574762
99099551,34508366,0,0.034817955965195324
52051399,52519746,0,0.28038726977409556
96337383,57335448,0,0.24208240531419634
20559342,17230691,0,0.6624511831930818
34097118,2015515,0,0.9644688719769995
4294049,49532085,0,0.6374909620045753
71830144,68519817,0,0.8157016210980671
49941591,96842086,0,0.36649111394047584
76671007,17287080,0,0.6014038985210393
37532641,9013426,0,0.28725324547238795
67919441,40454923,0,0.7333965930092003
3867226,29682545,0,0.7551515015532874
1208580,11841039,0,0.957978075636579
91846905,63105010,0,0.6629897452135092
53596992,68692189,0,0.8672502334928852
24395226,55894453,0,0.061681420700125056
57335448,22473229,0,0.6629717683909508
52309191,86652557,0,0.5988270411143767
65253049,54942642,0,0.6701373534639145
55156021,47080409,0,0.6085276784429243
80889253,48587723,0,0.43756534175853334
8710793,32627895,0,0.27601038243116327
68920491,19335029,0,0.8109582928045993
86504213,73818897,0,0.07431013391218677
27755228,63412296,0,0.9697926775786447
30414554,44852679,0,0.042912573950223964
25618985,10557084,0,0.6359264745139113
98831516,42254850,0,0.06684783666309646
39342639,94443498,0,0.04603365192779518
79378362,7166745,0,0.16613841666026186
83827776,81769175,0,0.10028943334087315
14037535,28404703,0,0.5205111994707556
44780972,45990138,0,0.042969838049379594
46695055,85634252,0,0.901519342970042
63105010,74548654,0,0.7972854706458523
20153226,4725174,0,0.9619228714932503
13721129,62601383,0,0.9520277814436208
14355256,54044477,0,0.6084200035196872
1197918,70052585,0,0.37427546520259836
3034317,54765901,0,0.29938835007754017
36674503,13599980,0,0.08016163257154496
24871513,1783071,0,0.6457013446164727
14966763,99500546,0,0.7017591516755113
53630767,44597564,0,0.35715167051871544
26500083,9901689,0,0.8755225815282874
27082796,53845671,0,0.2053219313765864
19335029,53427267,0,0.07945208300719442
1740252,77566275,0,0.8968975966551352
25620224,49819075,0,0.44400106834207786
94443498,28245948,0,0.7162190830962648
13296659,80889253,0,0.44531001354513877
88101462,79670402,0,0.5269967628891282
41512662,55019911,0,0.3389531062535873
83282296,89046641,0,0.6339316845831768
76339936,9901689,0,0.6663741554790625
79670402,67919441,0,0.7726957703678157
25723014,62225706,0,0.6906759835218037
11311771,31520365,0,0.5644152526149766
28516661,95184348,0,0.7224268201660133
14519056,50096137,0,0.5755606775668884
63514877,53411021,0,0.7828253485456216
59726120,1725157,0,0.7310533310203737
59071361,3358929,0,0.6721185378121188
86727847,29547242,0,0.10549283148634703
10114522,90213016,0,0.9734954585200855
2967861,19153623,0,0.6478487284951654
10828241,71500220,0,0.5260040823528682
20807622,85225525,0,0.24650674198732903
5750662,71919802,0,0.3749161369695272
63105010,5750662,0,0.15377778107623796
14792297,49941591,0,0.8110108046367007
2588939,53348312,0,0.6572944385855997
15159568,37556663,0,0.6859333052079347
37593271,29450849,0,0.28965024353388913
64616048,65688446,0,0.7666409045252242
31824718,13588140,0,0.4812177649468722
27507043,89261509,0,0.7859351981291208
47694675,9519342,0,0.5915920964897907
11300062,98378496,0,0.6171604330611763
81769175,39135566,0,0.7011276596427303
43856074,80204676,0,0.41555102364577057
87689366,16384480,0,0.4814855738877377
4520873,20714438,0,0.558215614063271
91883290,4545244,0,0.2617716921614036
34508366,10694337,0,0.2713946526215739
35312721,11255584,0,0.6009407772150924
27402171,71637063,0,0.7098715795898031
84672707,57899435,0,0.40679203971155165
10797208,9820833,0,0.7926035824016855
36547107,53411021,0,0.43513966258452197
76576897,8710793,0,0.8293494887290086
77604210,86295256,0,0.23584184287417576
30427337,16046965,0,0.2663713115631
16255469,31303766,0,0.5305760228832727
37532641,70580769,0,0.6068383966018228
2015515,2794837,0,0.8667860885336915
81404877,20642856,0,0.28479038369705134
80290923,4473097,0,0.5439002309627232
74879002,16364896,0,0.8367301143851184
43731767,37707198,0,0.8700602422361263
83827776,99720713,0,0.304376943032136
8132271,41809047,0,0.07779690425243868
47322095,14792297,0,0.5684356628290709
74345801,41809047,0,0.8330568353581093
4836298,46703176,0,0.10118521638147504
39697097,24244207,0,0.24829156321494505
32042730,3358929,0,0.6787413028382586
42365909,35080194,0,0.4153514666453295
72659566,9632267,0,0.4224088205515055
90233535,58477116,0,0.530203898067816
53748402,57899435,0,0.6538525210151415
55378606,53596992,0,0.20488060456300639
93490592,69236877,0,0.02775215725410185
71317039,9946453,0,0.23809687422943737
56263795,90279207,0,0.9597503363377471
80566825,48357163,0,0.24703392775288824
27565620,77220873,0,0.059600638662896555
93402621,42254850,0,0.359946710452563
67181841,74548654,0,0.4938626040429298
44383413,75002527,0,0.2504385655977873
63176449,97707645,0,0.4243701424108628
79002309,94443498,0,0.9856811803092195
3912027,71174363,0,0.28768638082594633
21109584,1356835,0,0.13330489875383233
1368680,74073030,0,0.5534265396312111
86295256,23383243,0,0.5166796209798759
96300127,47603926,0,0.6517679856495212
15960857,20818552,0,0.6737328629194304
98378496,47276999,0,0.3208161036062309
27712783,37980652,0,0.3433418435843769
79655133,61825754,0,0.15786145867733248
1356835,71174363,0,0.06733395026318434
26749403,18203025,0,0.20642036305464773
63412296,55731160,0,0.9059345626590928
50978393,53845671,0,0.3755619234585723
17230691,9886484,0,0.30288813896945943
3034317,38415243,0,0.5837594425783719
29952687,25513924,0,0.21973679269085988
69236877,14946516,0,0.9290495761416029
60922370,86295256,0,0.08341939766626316
97571236,90213016,0,0.313527333685672
37655465,39952079,0,0.26075581409699045
95912131,26984970,0,0.38240597570924484
57849437,78128030,0,0.4931361631623371
68775273,67181841,0,0.8332215675984945
2322309,69942708,0,0.27357791931396214
88384564,61204358,0,0.9297317784601323
38474399,75028875,0,0.14197831381067394
95906696,47030957,0,0.4001252633361674
90959556,55852776,0,0.16979749034028824
65394187,68519817,0,0.7736914296723453
78010500,91558724,0,0.8432410157726674
65719857,18443315,0,0.11012535433903414
65025018,76576897,0,0.27831671111250067
5873920,32050951,0,0.5311155010366599
74776829,28245948,0,0.3800018800335989
77570634,8693754,0,0.690363828924468
95153062,91858045,0,0.6226395571019961
5690467,67454945,0,0.6894903974045525
8693754,19686554,0,0.6921383603066561
30296202,15592600,0,0.38921324115260103
22473229,13296659,0,0.493365705336932
56202252,4293435,0,0.5681986496042659
72659566,45326656,0,0.36149228192587535
53797524,96007668,0,0.38307877497198195
27712783,62225706,0,0.2103905536358852
10557084,31146018,0,0.08103009544651218
21086364,62225706,0,0.010107437476482461
61825754,99720713,0,0.26112828337788085
50405260,10941305,0,0.4706054579218021
48098723,39376211,0,0.7095103400015291
43355934,9519342,0,0.012321573847980605
59726120,35080194,0,0.28440362586218204
41870667,38643000,0,0.3975497484742062
28089126,37421444,0,0.06898208083659862
34452965,40430147,0,0.763634849640194
19153623,26996372,0,0.7286951472392811
27800418,80566825,0,0.9473307787485894
31146018,32050951,0,0.7219950389507922
69398472,16611799,0,0.5899916364351114
91456262,67919441,0,0.7324530338211436
89524471,36674503,0,0.22432425236379794
31184430,90430454,0,0.7088841607125324
25637186,46378272,0,0.1989018301227149
83827776,75252712,0,0.6565787713206809
99431405,95153062,0,0.16506989461635124
17287080,69214312,0,0.8618508988295813
14398967,18047370,0,0.33408686463402804
40486866,33574826,0,0.12791655905190003
71456361,95826133,0,0.7998400135581166
91833240,75906761,0,0.3266040399157252
54869247,31501038,0,0.5716604163046195
91157005,30414554,0,0.699650550109607
91611215,63784743,0,0.18896287963985547
37980652,95225549,0,0.42925709109444454
53797524,10557084,0,0.8540728477068316
44166847,45277950,0,0.24142940171200955
66779712,36495345,0,0.3855696332716909
67010076,53630767,0,0.3431479973416456
89100001,89853089,0,0.10986979199583014
39342639,66793671,0,0.6822912667800565
91858045,35144728,0,0.38507540297791465
2938645,29682545,0,0.5141132317451095
39992385,19335029,0,0.28861527397688735
14988572,91412744,0,0.21215512066573605
46121993,58433227,0,0.2864369102625063
51223342,53797524,0,0.12452172572295361
47080409,91453235,0,0.6278166489709237
62601383,91453235,0,0.726247637129599
95463441,24908625,0,0.9885698865085997
13966957,14037535,0,0.22222931398115586
68917540,52519746,0,0.961253123093598
20756767,73953635,0,0.2747398404218233
1783071,82316203,0,0.8478181194963015
65394187,66655833,0,0.4487168418901054
54453934,35144728,0,0.7891679398180629
31664255,66159459,0,0.16503290166507545
88608944,39992385,0,0.44580449851781057
54942642,3767680,0,0.4349183342912665
96376171,11539379,0,0.10187819897000838
48043921,80303223,0,0.6418118145296567
84578254,73825960,0,0.9797829232282615
89907535,41432282,0,0.6959665086923665
81769175,67775043,0,0.02516801229578214
60106139,22987690,0,0.19403249229991026
90233535,83220631,0,0.3818821265028146
15868038,2015515,0,0.34297262767814496
24871513,32050951,0,0.8869604691160199
28276674,53748402,0,0.050097547372119466
18764772,12968253,0,0.13937177473962892
42523283,61296415,0,0.5280479513651671
31756795,92833735,0,0.7270609635958865
46780709,56011104,0,0.4251299182880801
2322309,34644971,0,0.506372825163332
54453934,56389689,0,0.6214559858386114
16255469,28202536,0,0.6505426750680232
15566006,67010076,0,0.10293988192449
95437743,14746998,0,0.7151433584130943
91372340,67919441,0,0.8995758059451401
53630767,99431405,0,0.9529183139776839
24918530,6159312,0,0.4599915145028741
7733802,4674558,0,0.6173823040310873
4634419,66539797,0,0.3592352796394912
89524471,40089677,0,0.5816969571280647
51372304,35048202,0,0.754643565267638
57619318,31501038,0,0.20421470610273862
54574136,25513924,0,0.7567280750412781
66224027,38722955,0,0.5743888670301419
13210892,81404877,0,0.007187051137963141
5630479,49941591,0,0.9975678215168854
90213016,2938645,0,0.04378579644974023
80303223,2530370,0,0.31548348336558096
87169484,39992385,0,0.6661546576948041
40120676,89019807,0,0.3952281884566079
36858623,61296415,0,0.12079982417688295
5750662,74158023,0,0.9116707681103788
20756767,72661267,0,0.8980613876900049
37784701,55881752,0,0.908745579679394
61229605,79563067,0,0.6419506996897494
93123777,81227891,0,0.9493767418042316
8681781,89524471,0,0.8809805698724306
10797208,99250304,0,0.5076913673734001
8710793,52309191,0,0.6887748276401063
6539683,92523951,0,0.6312306442032777
95912131,26321046,0,0.9740743002045464
71428421,60106139,0,0.2911319667802398
11894572,75002527,0,0.1563746834492682
19153623,91788417,0,0.6425889074278943
33574826,59071361,0,0.7775468353622488
88404888,47357817,0,0.11404817316459892
95153062,27649656,0,0.006968489983648629
69825660,34815842,0,0.5442246040664364
30111815,93508628,0,0.4985464554001462
23490241,5873920,0,0.2774034543620033
94698023,34297417,0,0.2089549482401195
24460567,46725166,0,0.7388141590282712
94352667,28089126,0,0.3871886047504767
62325005,29450849,0,0.1886952185485663
85225525,69987535,0,0.021043236371196428
60106139,15868038,0,0.7165071234622828
46780709,46062293,0,0.7744570565441589
94120065,22517280,0,0.9232297015099967
25809596,69987535,0,0.11719672769246459
75028875,25327758,0,0.8129568259288608
52874087,20714438,0,0.7837249172775206
99483905,94953815,0,0.7252422147236522
86931192,73458571,0,0.6535379710630358
10694337,77738881,0,0.5111634255875688
26561160,31678190,0,0.08567713718680925
73422138,30426367,0,0.9930981390948023
6344277,66956270,0,0.649785445113086
41451464,61296415,0,0.4696850162695645
66655833,46703176,0,0.642557718657731
19153623,14988572,0,0.3791336475361119
85859342,35080194,0,0.8162481539721764
79841776,22653104,0,0.9821722787898463
11841039,2530370,0,0.3309949686001724
14988572,24395226,0,0.01332905809930418
91883290,52998304,0,0.3448151164313237
76415424,24944608,0,0.18060894011026596
23384883,89524471,0,0.9323205679117135
32042730,89829116,0,0.6020955524131649
7733802,69942708,0,0.23040377249026334
96376171,36110397,0,0.4560257512139074
11471082,15159568,0,0.9098977314899827
93918643,81058936,0,0.0916292770104764
1783071,10828241,0,0.14409230539753903
2794837,53427267,0,0.03422887827973076
13296659,3358929,0,0.7868578959790474
18956374,28516661,0,0.5991985284590347
49819075,31520365,0,0.7953579901886423
40486866,77276493,0,0.644756433620681
56227637,22217366,0,0.7454678531659215
33717332,29307751,0,0.15911947880256894
37113338,37980652,0,0.0910921154207407
66956270,20559342,0,0.13722815661150178
95153062,38056000,0,0.16711623400983944
30599296,61229605,0,0.9151598728423979
40454923,47276999,0,0.8722063702022717
15941972,55251756,0,0.8435178298514143
93777472,15159568,0,0.9658134944137694
69736669,10694337,0,0.3052774813392177
5993527,18192833,0,0.4731445837964767
63105010,53845671,0,0.48218741477399785
57335448,54574136,0,0.3373181861885248
38044575,95906696,0,0.02185413537185754
36638392,16611799,0,0.2688810344537911
91788417,41170770,0,0.9947998825176237
98623703,47694675,0,0.09354098299541802
63176449,86504213,0,0.37173646652287073
75028875,40486866,0,0.038675755886849794
28245948,44383413,0,0.34014003685321703
58685182,36547107,0,0.6061598139913515
80303223,62225706,0,0.3218357127439908
4836298,57849437,0,0.032521094598149114
1356835,5750662,0,0.2031670911332618
37980652,48328879,0,0.6556933253016501
91372340,67181841,0,0.7017061089071082
45839247,45277950,0,0.6096463357928905
51223342,10820488,0,0.17061407231330716
37655465,91833240,0,0.20440809704905494
97561337,28164398,0,0.2746489914249045
23383243,38301746,0,0.07268191486644504
37707198,97707645,0,0.6522001275964295
47694675,91456262,0,0.7884930526760101
87491664,9901689,0,0.19302779487117805
6902281,65394187,0,0.5179367060741217
68607030,55845924,0,0.904423747373684
63176449,34644971,0,0.9494784097762461
11047977,99250304,0,0.9784184998692811
1725157,2967861,0,0.9652482505092821
14424506,38722955,0,0.8074399472405103
76100399,74301887,0,0.3398377316337472
76046588,44383413,0,0.2763014323073927
48328879,41512662,0,0.632028970704347
56904407,74834033,0,0.4815395028972044
78134743,25579174,0,0.3605759443778892
97571236,87912003,0,0.616790411834404
4294049,62425525,0,0.5882845386286764
49224563,27952786,0,0.1563893708668742
44780972,58336122,0,0.3393461692475632
28245948,18956374,0,0.17692371842170418
97561064,20098891,0,0.8144937815692723
41451464,48098723,0,0.32272820274549996
17055521,5536379,0,0.028090272118700743
9013426,36193280,0,0.3545050331875781
31678190,29575344,0,0.19856315351752607
68917540,91453235,0,0.16347980988227562
84051388,49224563,0,0.1529258682793817
33574826,72741122,0,0.7010856503770941
56556431,96376171,0,0.10408096410186685
39374992,9820833,0,0.23202484050206884
62425525,21547462,0,0.809959988277444
46062293,56536881,0,0.36098147727968866
40543553,34297417,0,0.04743694452136438
55852776,1783071,0,0.1897306191997039
47816357,58477116,0,0.4255359182338164
41103028,34834363,0,0.45932552194135023
30111815,5910888,0,0.7547184057939729
84016892,53943819,0,0.02185276736842956
6893312,35911711,0,0.4115805465737131
56581181,26996372,0,0.4689434591636509
24192935,71317039,0,0.3681042963619833
71174363,24547668,0,0.6140477254282386
97354792,16384480,0,0.39207371001782465
36547107,61825754,0,0.3420090461067261
36495345,75906761,0,0.3195461176984997
70983004,66224027,0,0.4751034397230921
11047977,91539636,0,0.6229767099739334
89853089,80229649,0,0.40074101591050826
22473229,4434952,0,0.20512988924177
94794415,80397737,0,0.13482300451229823
23383243,48357163,0,0.4510093115537541
99099551,75252712,0,0.41245851566559477
96067012,9519342,0,0.6752293423833763
67802809,6967232,0,0.6384044357855659
13464414,86504213,0,0.6104272994051638
7955754,99483905,0,0.32754194100668643
6902281,89524471,0,0.21111016201496224
44597564,16384480,0,0.9329010770853631
93516836,24908625,0,0.24602448985016145
11047977,27649656,0,0.580265616820926
14398967,78200169,0,0.4820494627684506
98623703,22517280,0,0.7539615659818297
30414554,72208118,0,0.6926702421250335
13437593,73099558,0,0.29593188984181706
40695972,6159312,0,0.5994236699990689
36903596,94781198,0,0.7445786957378941
3293181,40089677,0,0.7064969175452757
81769175,13296659,0,0.9862291600535369
96365107,93590592,0,0.0023645493106502213
67010076,64196311,0,0.0634648948085943
67645135,47071518,0,0.4483705712980254
53411021,27649656,0,0.007649067612798932
14746998,57335448,0,0.3937962539600929
62325005,3767680,0,0.200372077393708
4434952,73696441,0,0.36585610133161306
14519056,25618985,0,0.05724213264861133
31824718,46121993,0,0.00693321275892389
38056000,31664255,0,0.5429285584107025
28252053,29307751,0,0.8211241957148266
2938645,28202536,0,0.569924896718289
8027034,56263795,0,0.9728253078359378
33535335,30414554,0,0.8763253100015371
11841039,28404703,0,0.5336483677729766
53845671,89853089,0,0.36612437303068246
57849437,55731160,0,0.3462400249850077
54737719,4545244,0,0.98924084731133
8037069,71087673,0,0.5156115795180146
23869190,25327758,0,0.2747254887660856
33679470,18979483,0,0.12089437440057726
35911711,2322309,0,0.671730343129426
5910888,40120676,0,0.9955410168964398
16364896,8971088,0,0.8085029303463932
83527038,51094488,0,0.9229678233339338
72208118,45326656,0,0.5069132939271391
73598248,29470027,0,0.791397717278749
47322095,53292765,0,0.7421895652528337
2060106,55852776,0,0.2141634077123481
73943821,73257134,0,0.9223338915005211
44780972,6539683,0,0.8060221419940623
56556431,78010500,0,0.14633449850496116
27866384,28089126,0,0.7684015523586197
82080429,46780709,0,0.5836026452155153
55378606,2082967,0,0.12473530936256494
44166847,25637186,0,0.7668547745981081
3867226,54765901,0,0.038114707248926516
69214312,91858045,0,0.7484020504163422
18667655,41293120,0,0.15528907444135664
45335172,24192935,0,0.9177945202607976
67010076,74454416,0,0.6110471062265443
91788417,79318025,0,0.5271903224221639
76863896,90233535,0,0.09646537343827144
96750709,9013426,0,0.2645786571600607
20559342,14778582,0,0.7909517978291196
87169484,20559342,0,0.8144877548734144
39697097,27565620,0,0.42802818856466196
14946516,71919802,0,0.5404165069265161
91846905,90279207,0,0.07139073132719365
13210892,69214312,0,0.24930139375874605
95554445,49769760,0,0.6540100477415243
49224563,5984696,0,0.5981819152616394
96067012,86295256,0,0.18997512259070992
99676093,36110397,0,0.931900119770991
20688731,25327758,0,0.5469723702141702
24918530,13599980,0,0.5472189920444903
28164398,78808114,0,0.5951089612603823
43673731,11894572,0,0.1941443595924497
51234426,9946453,0,0.49437448428349773
11471082,33297132,0,0.8874084929567367
88608944,9584059,0,0.934620914817621
14946516,79364590,0,0.1195111866564249
63412296,2322309,0,0.105800568316618
88404888,75906761,0,0.37570561835828564
51393446,91456262,0,0.05388509086287019
72661267,27755228,0,0.11234707566184465
8693754,74301887,0,0.5521726665055464
43422077,68089076,0,0.1670058846717839
68330823,79274490,0,0.4084373041283952
52564440,46274912,0,0.798929585447257
99431405,28000741,0,0.5173849847802119
74073030,3867226,0,0.779466051422986
24244207,5853950,0,0.9214104630454049
13966957,38308060,0,0.7299564686010367
58340233,70723339,0,0.7133599232749096
42365909,45315576,0,0.6862993542208934
51094488,36110397,0,0.7632703736506655
31678190,88210518,0,0.2525492079880035
72741122,77604210,0,0.4437650860109702
68466466,72659566,0,0.6762507907285139
72603326,11852755,0,0.33253485048367515
96365107,80204676,0,0.08524624314260243
38056000,39992385,0,0.8798893960695715
44962731,3341244,0,0.4089869518374475
59698456,98623703,0,0.3841107298185328
53348312,60296550,0,0.35780001048108245
61962881,2060106,0,0.3711287239767971
1368680,15177236,0,0.17181789584586438
31840240,43355934,0,0.8638931534407296
50937583,38415243,0,0.8812562208368072
35048202,88404888,0,0.0729259669515141
61296415,40380082,0,0.8931354521164913
99099551,78080024,0,0.24265105665429032
15159568,97561337,0,0.627478039706554
44383413,22517280,0,0.7279882088423245
51852077,31868927,0,0.8328768241562157
48357163,78100062,0,0.36467755734876994
18770728,19855302,0,0.4992070717829594
32627895,55610373,0,0.39373145688724953
43673731,81137909,0,0.36119658046393077
76046588,83827776,0,0.22519258401053333
91811609,96300127,0,0.160504282791878
76990275,7733802,0,0.6568717062378866
21547462,88404888,0,0.7120047797089821
29133967,15960857,0,0.7702146340789068
36527641,73598248,0,0.9956727447297187
46333399,82594062,0,0.3037165451886469
48043921,78134743,0,0.5654558490892223
99351939,41293120,0,0.9349343694271031
29133967,14398967,0,0.6360292179967925
91412744,10828241,0,0.5271852356467477
24395226,38056000,0,0.2924184902553284
37707198,14519056,0,0.5327380570438687
94794415,25618985,0,0.7957784280338878
23383243,53427267,0,0.673793999147596
51703877,84802060,0,0.12993064420393852
16318738,65133803,0,0.01999511562066003
38474399,75028875,0,0.8860385309367157
18203025,46145472,0,0.258015331862824
25222999,76990275,0,0.007622886024399422
56556431,92833735,0,0.08252178734346893
56581181,27028477,0,0.007648469394718971
15566006,29848328,0,0.6055232301454789
56904407,63965515,0,0.8790305848959493
74834033,67282173,0,0.09266890367687952
32231430,92010362,0,0.27369627127650753
7658303,86143897,0,0.5905944866788776
71428421,56389689,0,0.6018931628193855
67181841,56626757,0,0.27369213298502015
8175831,7077999,0,0.04378452737986227
83282296,93516836,0,0.061837193983601324
68692189,49819075,0,0.7797481971106716
61962881,39202072,0,0.7282321800207633
33679470,11198280,0,0.22598796891699946
46725166,18770728,0,0.39630367672459477
9939980,17024972,0,0.33668015409216034
86295256,75033688,0,0.6491982684840936
72986438,49532085,0,0.610675760709869
67454945,9519342,0,0.008291197648268245
4545244,49078377,0,0.4807457113501804
96913349,13727596,0,0.4137927231437103
85647670,37556663,0,0.9844218970856886
92523951,66961566,0,0.7946665863787346
9939980,7658303,0,0.26478539800204937
16611799,66655833,0,0.054465631170945716
51310197,76046588,0,0.5952244182037774
72603326,94120065,0,0.8690684092087948
38722955,18764772,0,0.04376200827744303
80397737,53292765,0,0.47354905374825595
73608067,39992385,0,0.7288870942900753
34815842,95184348,0,0.9612235182757398
72603326,26984970,0,0.9101323076872126
23384883,26664569,0,0.9428493437386002
59979087,79563067,0,0.22667326964197754
46780709,44962731,0,0.8725794928363173
99720713,83693176,0,0.7140001510977189
77905676,72208118,0,0.45704146202050566
37502990,44591337,0,0.07951334019568401
59698456,54044477,0,0.0072177196879593675
80229649,45316543,0,0.5384698579271124
5910888,30599608,0,0.8940399391157511
84578254,89100001,0,0.5318538484535645
20098891,71456361,0,0.375053305972911
58713277,76415424,0,0.4305152940125685
6967232,31437775,0,0.20509687229090612
22653104,42160804,0,0.6923290145714889
14726151,17287080,0,0.6819890338280886
25717661,11539379,0,0.9837113426305106
90430454,36674503,0,0.2933630544650586
2079460,47694675,0,0.9601297322352186
27507043,70610490,0,0.5806028758487604
10694337,44962731,0,0.745104092520105
91811609,96366532,0,0.7544732244953573
93516836,14726151,0,0.8335280647355774
46596747,63105010,0,0.9219245282652484
34508366,13210892,0,0.8157013577040056
65025018,71428421,0,0.3803607909550101
27755228,5944102,0,0.29157427464647057
73422138,14812650,0,0.3891410105423916
58433227,11539379,0,0.19576598084995356
86756445,65688446,0,0.4929656569432631
53748402,38301746,0,0.34671804410538454
42233067,14812650,0,0.5303061188689531
59726120,84578254,0,0.685234940422965
20525355,96376171,0,0.0487616337119301
50405260,96037627,0,0.22155022848717776
68118235,96770974,0,0.4946337374454187
72659566,20098891,0,0.2832463148635076
2530370,37798408,0,0.5928306673413278
62693492,65133803,0,0.07615162009529408
36110397,52051399,0,0.30979323731557806
12968253,74834033,0,0.8883254470167823
88233505,94781198,0,0.7127699282763624
57899435,28485269,0,0.04621369389641361
81769175,3358929,0,0.9585756598159224
7955754,78128030,0,0.3010519570143352
94781198,66180684,0,0.9561708843104239
37502990,24192935,0,0.051412140281449026
40228913,38455192,0,0.25900336629809073
66779712,68519817,0,0.7001755925211937
29942286,53073540,0,0.9332163218292985
68118235,86821120,0,0.4061315217074407
73953635,24908625,0,0.04939636070050202
70723339,28245948,0,0.7526415399664724
94120065,96365107,0,0.43093865983578417
41293120,29952687,0,0.5672145730816132
10941305,89907535,0,0.9744129216390258
60296550,76622964,0,0.46805248116643117
36527641,33297132,0,0.7277373641876792
24871513,34644971,0,0.27924062655671156
34872913,36193280,0,0.9286377819922835
89100001,34452965,0,0.9546080981137736
7625930,47030957,0,0.13887550316508646
89100001,68986527,0,0.6793099607616189
79229286,72208118,0,0.12077875441691599
98005269,68920491,0,0.26687283741270706
39374992,82316203,0,0.603646105809333
20268165,58383160,0,0.19330862721602815
54942642,69398472,0,0.1453609167553228
54424487,9013426,0,0.6420861664688107
27952786,28516216,0,0.6692580034361405
34872913,49267308,0,0.07495533622328454
29848328,1654993,0,0.062151646156506146
67010076,90357232,0,0.09260616940749855
46062293,56011104,0,0.21165382690178824
94794415,10508065,0,0.08224930338429237
25620224,82316203,0,0.832316641521865
55610373,5690467,0,0.2922241835287571
34297417,91238301,0,0.017946288078543926
13685033,49078377,0,0.8216659230053391
59979087,23818251,0,0.5529749107828581
1368680,60870059,0,0.48800391036371704
56581181,23745026,0,0.646678834606351
20688731,34508366,0,0.7501348510075192
66956270,55251756,0,0.14730542220170573
96037627,5853950,0,0.7177912942930095
74345801,70052585,0,0.7793337325976915
91558724,56227637,0,0.3078666499483581
39135566,17237660,0,0.47159127772777076
34423766,41170770,0,0.39900134744282745
10557084,84051388,0,0.9996411288446418
81137909,53943819,0,0.2783843443063412
62225706,84051388,0,0.44324234329418144
55566923,38643000,0,0.16557835775140028
5944102,8132271,0,0.03491977633329646
1356835,93402621,0,0.9244080785182421
34872913,51372304,0,0.7239634920829449
11362907,51234426,0,0.6353787512586797
17055521,17292874,0,0.8317892556947243
50980172,8963040,0,0.620353765640689
31577392,41170770,0,0.25069272374242546
38044575,57899435,0,0.8411389568517161
2620720,13588140,0,0.0890849097692451
96750709,49505243,0,0.5177240707884768
46695055,68780466,0,0.21396229978476877
51223342,71428421,0,0.41790651019337277
27221222,56556431,0,0.6624795678612596
40120676,45326656,0,0.024315137657867414
61962881,25717661,0,0.23619169922478367
40486866,13599980,0,0.8842203162280298
55182740,62443889,0,0.5247986361901523
86652557,7625930,0,0.5854924719192256
27952786,13966957,0,0.4808185652609801
10114522,14946516,0,0.2710389837345447
33574826,72986438,0,0.28304240373625866
15592600,30296202,0,0.213980568461289
42523283,58340233,0,0.042143931205307794
33220064,94953815,0,0.1369586299361042
34834363,94352667,0,0.9731664589450706
2253877,47497170,0,0.4371099706593484
89342046,53292765,0,0.5591999743128742
14851583,89046641,0,0.23647784238930836
73953635,93508628,0,0.3703662817720099
88981662,77738881,0,0.8175387946853406
91611215,44077335,0,0.45352956081656837
74776829,99676093,0,0.5165134376966233
4545244,23818251,0,0.9819097198517116
23383243,87991063,0,0.5764360273928562
8175831,70610490,0,0.8815796048196869
73598248,15177236,0,0.7755968554616572
37187658,66224027,0,0.19953447982673211
31184430,44780972,0,0.38750330931464494
83827776,32627895,0,0.9475891575288976
66961566,53411021,0,0.66681674051704
52049973,57899435,0,0.6296171357313624
93411439,16255469,0,0.6849094514318927
38722955,67645135,0,0.8751113644196049
91558724,79229286,0,0.8421734213773274
25620224,79274490,0,0.6893609249168237
75085287,31385488,0,0.8635338119400575
30111815,65688446,0,0.35966935173228365
11198280,93508628,0,0.27614836430761647
97271167,52926870,0,0.8434788804146687
64196311,41432282,0,0.17501710584524832
67010076,13420322,0,0.792465096733808
66335041,96376171,0,0.9064433301312329
83718079,27952786,0,0.41520834901006154
66956270,61825754,0,0.8463715218923133
93918643,46333399,0,0.07001772365434877
14746998,68986527,0,0.05459926558665684
52874087,98623703,0,0.8004655225775897
96770974,99099551,0,0.198137578083192
74454416,90213016,0,0.24958331019553615
89100001,25248144,0,0.5845830327191278
88524690,86727847,0,0.9371138138175626
55894453,4674558,0,0.7828184652872212
4294049,52049973,0,0.1984638445589837
82316203,37421444,0,0.0713309462574957
30599608,55019911,0,0.5834143447116269
2967861,66224027,0,0.3011487021956508
95463441,35833182,0,0.40586475082314477
45839247,18770728,0,0.8746317938514021
25579174,67775043,0,0.829620047965598
49267308,34644971,0,0.28828631863906573
24871513,95826133,0,0.8156156192588324
17237660,92075168,0,0.5043164583287868
41170770,48098723,0,0.34115194822193873
46750376,45167728,0,0.07082009138959078
4836298,3867226,0,0.5686204281282186
85506287,15566006,0,0.27762404278780206
23745026,67775043,0,0.07554655255642795
77516821,68920491,0,0.6241886207964026
83718079,55845924,0,0.18894646683990524
46750376,28516661,0,0.11231194736755301
2253877,3034317,0,0.6776298464953926
76863896,67919441,0,0.8400808490254611
49267308,70610490,0,0.0036633979185083376
80397737,11362907,0,0.3089711725265928
80303223,41170770,0,0.16671748396557173
13296659,66655833,0,0.9868699760624211
58685182,88677902,0,0.7013838313522661
72603326,70723339,0,0.8464082290253391
39202072,31184430,0,0.6424721317939464
2079460,72603326,0,0.37247073814920706
46333399,26664569,0,0.22817204589036233
49151534,56626757,0,0.5603446276536113
80397737,31664255,0,0.3002383707333549
89046641,44780972,0,0.4633088818104336
91238301,51986577,0,0.3330414455872609
26500083,11841039,0,0.4763520958862316
68330823,54557409,0,0.2970722117305924
13721129,59071361,0,0.12853462137688687
33679470,11198280,0,0.08029387245144948
57871687,79378362,0,0.5463848432856713
49769760,66159459,0,0.2960723625519103
57899435,24655996,0,0.7524123085933224
71317039,55852776,0,0.48283912512260074
41103028,28245948,0,0.8753419178934914
49819075,75002527,0,0.0688449355590045
9584059,71919802,0,0.7693293556514617
55894453,84802060,0,0.5572064196022836
3293181,10234798,0,0.660585182579569
91846905,83527038,0,0.9042844572902413
77905676,57899435,0,0.037819883641354135
39697097,93123777,0,0.3484564569354486
50250153,37923579,0,0.2691414995063043
11841039,25116789,0,0.9631708731066484
8963040,4293435,0,0.8499026305354336
74454416,38722955,0,0.2025792998906052
83693176,40406738,0,0.12666939037645464
24244207,33574826,0,0.9637988505100077
89261509,22987690,0,0.25640510831778984
43673731,84672707,0,0.14072509248397502
23851662,35833182,0,0.1552631399984199
33220064,7166745,0,0.19972469147666316
39025106,5690467,0,0.9962526882937298
74512676,61296415,0,0.365505239445836
55852776,38301746,0,0.12689330364982854
39025106,47603926,0,0.3940635479743997
46724148,40641501,0,0.31196309638674957
23818251,70971988,0,0.4348258344963696
51986577,23490241,0,0.0037557826662090177
31678190,85859342,0,0.6638529027503905
72661267,58477116,0,0.6579296684333187
42365909,34321551,0,0.04364348864939904
28276674,5993527,0,0.015358540165227752
13599980,62343415,0,0.3994606141039405
73353746,86504213,0,0.20765390762297842
15566006,81404877,0,0.534212740053556
36527641,13966957,0,0.8614319213003991
38056000,22917596,0,0.5382831590003916
17055521,66961566,0,0.7508786255782308
12723760,45839247,0,0.8459258635342252
66447833,31577392,0,0.4033005837996595
33535335,80889253,0,0.04647185189292524
16384480,71500220,0,0.3197924279138644
28622226,12330213,0,0.4283009036622337
45335172,84881540,0,0.5700717727757003
88210518,73074388,0,0.21892566076739128
53427267,17287080,0,0.8943853534366478
18764772,66961566,0,0.7286712230012629
88981662,89955490,0,0.6356646085171982
45335172,81752722,0,0.21857752589001378
25620224,1740252,0,0.16459138668715867
25620224,51372304,0,0.9007281607763203
78808114,8710793,0,0.19528984161225815
98280332,6518014,0,0.3977417532870582
65747885,95912131,0,0.17059242907020922
66539797,52309191,0,0.993166205435879
33679470,51234426,0,0.11941684362830685
26555355,74540377,0,0.997004865731944
40089677,60106139,0,0.6659797145973069
69236877,40695972,0,0.26073327250179423
77570634,53073540,0,0.34544537820948384
65394187,27082796,0,0.21515374326004222
35833182,58073310,0,0.24600595827758798
3358929,34423766,0,0.578746592381895
31756795,40089677,0,0.8121249538090209
72741122,7166745,0,0.9317070460523142
33297132,97354792,0,0.9216040717408175
78693286,2015515,0,0.21494760716649342
10941305,11255584,0,0.33419953383751355
29942286,26561160,0,0.7510021954523294
67282173,14424506,0,0.7101250278240198
28622226,26555355,0,0.14454728102020464
59698456,80397737,0,0.06564760576543871
61825754,56626757,0,0.27327024893379526
57899435,28164398,0,0.9763955074338196
38415243,37509398,0,0.21410534303423112
39992385,76863896,0,0.8835699933266989
39135566,89100001,0,0.028626472223587718
55845924,26996372,0,0.037763219865242004
44852679,82080429,0,0.8653634828367576
47898875,76576897,0,0.660744087135021
4434952,16384919,0,0.5851186349955505
70919399,90233535,0,0.8471395970023121
46724148,74540377,0,0.20288770648536114
46695055,68917540,0,0.06496652715205475
28485269,34423766,0,0.00758471821538842
53348312,30599296,0,0.055432608893168145
51252932,55378606,0,0.9417573517509537
86727847,91456262,0,0.37115281823709734
49078377,66224027,0,0.6444298982075767
45277950,60870059,0,0.17441881598201692
69018752,76339936,0,0.13591449989945403
36964396,4545244,0,0.1864659950194888
51252932,93777472,0,0.10414604271728845
42907477,51703877,0,0.24318757875271224
77570634,87912003,0,0.8614372740111327
99250304,19686554,0,0.17072334988870208
24918530,50937583,0,0.27982841602271147
94443498,5944102,0,0.8462400527330078
76990275,58477116,0,0.5000573800807079
90357232,25618985,0,0.28963440165417265
41809047,8693754,0,0.4319153806116033
31577392,84474217,0,0.6949759882952953
39374992,20323232,0,0.7486636417450733
71428421,89660514,0,0.45136197065636663
71087673,31868927,0,0.043795520907570884
49819075,94658761,0,0.40406996135251405
95482810,12330213,0,0.40578657543013175
96839884,99676093,0,0.3029486319954062
52926870,79606521,0,0.22951176616402724
42233067,99099551,0,0.0724310864081491
47497170,57345100,0,0.3732760648697927
2322309,34872913,0,0.40821138939842727
93402621,4293435,0,0.31390482756917326
48983647,91539636,0,0.2509598092238259
66539797,91453235,0,0.7022736470355475
49224563,13588140,0,0.42431187879449483
30296202,48408624,0,0.5719809043561626
8037069,47080409,0,0.7995091860634863
85626932,25717661,0,0.35223280248521505
8963040,39992385,0,0.9876681382270456
18443315,49505243,0,0.6185460555700091
56556431,72921814,0,0.8448846670091705
22987690,23490241,0,0.7166086906562897
14988572,38044575,0,0.6409394027965789
58477116,13857148,0,0.23204410565647482
39376211,18770728,0,0.1328710264468217
51852077,32050951,0,0.4048499138078815
28516216,68330823,0,0.9068888299543676
54044477,1194755,0,0.2913436011221663
77220873,41103028,0,0.664292501793061
27410436,41512662,0,0.2499325473865237
51986577,63559877,0,0.09890604226976274
66793671,26664569,0,0.20123642154660326
61039156,79655133,0,0.8436224118028687
51223342,5690467,0,0.1675441113700784
42160804,54765901,0,0.7528186507859959
50405260,95184348,0,0.8077194211115875
58713277,93921337,0,0.41784573262035285
83527038,44077335,0,0.9629764264600233
81769175,68089076,0,0.48920470321505094
20153226,91453235,0,0.3792658453027655
52309191,91883290,0,0.3889379661153194
75085287,63176449,0,0.22091318082238687
96067012,32042730,0,0.9576596668879471
55251756,33451035,0,0.8033521742705932
78200169,89342046,0,0.7064500758910638
19153623,48328879,0,0.2556243280671169
37923579,81752722,0,0.38926588709083676
97271167,52998304,0,0.649339325201831
11471082,57619318,0,0.6684756478312645
74158023,40159475,0,0.6965862484066537
50900292,63784743,0,0.8697219318204565
1725157,56556431,0,0.16219812090556007
62230473,96376171,0,0.9660940501075296
46968781,6159312,0,0.5385051272839656
43856074,59222463,0,0.8982417478342327
40159475,96750709,0,0.6014642872187688
14355256,97388623,0,0.3129298198081789
35833182,51986577,0,0.823369914463748
11841039,98280332,0,0.3431332123250337
46062293,2082967,0,0.2750387171933062
17287080,72824209,0,0.2668642247200864
37798408,24257672,0,0.9922510972165219
1654993,90430454,0,0.5643233176971171
90959556,77276493,0,0.9624123528922985
15292487,82080429,0,0.24718219539749986
37113338,47497170,0,0.11938562954821919
8027034,71317039,0,0.4492614999737208
28404703,11894572,0,0.31675787095802466
53990165,2411084,0,0.24915786452757427
93520137,39025106,0,0.7408869623207839
14037535,57303434,0,0.35790570894368556
31501038,63105010,0,0.3358898244356382
77109152,51310197,0,0.19672565776760986
98423772,5993527,0,0.7082909061892761
9013426,76046588,0,0.7920556905628698
57899435,20807622,0,0.7786830207840958
47071518,20153226,0,0.32181744723189565
38474399,93516836,0,0.19612560477459473
27712783,15592600,0,0.496787547030481
19351851,8175831,0,0.3248977838680178
27649656,31184430,0,0.863913757029644
57454466,16364896,0,0.5338376251539589
37509398,53292765,0,0.8127700810903091
55378606,55610373,0,0.3423117285031769
51393446,58685182,0,0.8170013686595688
53596992,62325005,0,0.6616562160894062
7955754,71500220,0,0.7897798643834325
57303434,55731160,0,0.7621259175641601
34508366,59071361,0,0.9756165040569998
29575344,60296550,0,0.03793466875304341
83282296,57616772,0,0.7357177655197559
89524471,28485269,0,0.35402594066999893
62508360,19351851,0,0.8543544455499462
3867226,56581181,0,0.518013411726506
94698023,81769175,0,0.11853881200115679
71087673,37113338,0,0.21298051761479786
46333399,8710793,0,0.39029792698192933
96007668,89955490,0,0.739905835631044
91611215,32042730,0,0.8708456996018648
67282173,95451477,0,0.5822089346314372
36527641,1909339,0,0.5071225197968081
54044477,4520873,0,0.5862593738741039
13036784,78128030,0,0.9141642647997704
5690467,23383243,0,0.7129737816256984
41451464,56263795,0,0.6545351056702939
45316543,84672707,0,0.3684572309346291
1303155,68466466,0,0.6791882126078439
96839884,93777472,0,0.680413548876326
56556431,15960857,0,0.8549256242456275
3358929,25809596,0,0.880905450438713
88317586,67645135,0,0.33534866584278855
71919802,54942642,0,0.36474281303193934
66077234,98005269,0,0.9547618435721407
88963563,13036784,0,0.07335669643235421
98831516,68775273,0,0.8972835083921953
33827959,90959556,0,0.48947499108892334
5984696,23745026,0,0.9139496494207325
53348312,70383408,0,0.5662127524030353
62693492,92010362,0,0.979506690180614
90233535,77047788,0,0.1826730001849315
29470027,13382034,0,0.5080511030015173
84051388,56011104,0,0.5201176945519438
36495345,49078377,0,0.39818610791358344
75252712,66539797,0,0.6443422970213498
66180684,73458571,0,0.09958060927560042
58073310,51852077,0,0.09249112225774814
71317039,17055521,0,0.8904556005105454
31840240,69942708,0,0.08547204336764458
84016892,53845671,0,0.5570362746474369
3043561,28202536,0,0.0501394964312607
7625930,50960045,0,0.5017253495373981
50937583,28622226,0,0.2228353593553608
6902281,27402171,0,0.8397478778160012
88210518,46378272,0,0.6485775071758225
90279207,15941972,0,0.3109746656583158
3912027,6683133,0,0.9512914338590672
72208118,36638392,0,0.8415808591612044
82594062,14792297,0,0.9967401807402023
46695055,24257672,0,0.2528253914107448
62508360,35833182,0,0.42159132302717595
78693286,70919399,0,0.3962870744769442
74073030,35080194,0,0.20426910734113846
5873920,41809047,0,0.9613227729265389
13464414,2530370,0,0.2199189562414885
96376171,23745026,0,0.4869415658401973
4294049,94120065,0,0.2875458743242687
47357817,52309191,0,0.1377241445653946
98378496,90213016,0,0.3088127106011813
14851583,30599608,0,0.9327608093906655
31577392,93590592,0,0.9296687500244136
20688731,21535596,0,0.3620884869686961
89853089,23234376,0,0.9376286136993872
25620224,74537695,0,0.5706930121030805
31577392,79362409,0,0.06282430416491558
24460567,6893312,0,0.8291160204833308
5944102,46596747,0,0.2996315775562052
78134743,40641501,0,0.07710149416045176
71919802,24395226,0,0.3275933827518088
91372340,30296202,0,0.6695883373225121
81951877,52049973,0,0.385704009932058
12432298,40454923,0,0.8563145013908326
22217366,98378496,0,0.719103558568107
98623703,24871513,0,0.7963111438592545
46329613,39374992,0,0.1552762532081028
54453934,95482810,0,0.7577780785463225
3043561,19855302,0,0.4283347840498902
39025106,4545244,0,0.7825049338595859
37556663,31184430,0,0.19437562656736995
18770728,62002370,0,0.6442806775602508
33717332,35048202,0,0.07565054456692855
62225706,2411084,0,0.6689166606614151
18764772,47080409,0,0.7703708954160237
85225525,39202072,0,0.03505666932057072
86198845,70919399,0,0.9540743356366939
68692189,20688731,0,0.9384375531189763
18764772,94953815,0,0.47300803827532756
57335448,2967861,0,0.2667365807182517
73458571,87991063,0,0.7239807804379459
81951877,36638392,0,0.9356823878835427
19335029,1654993,0,0.07664719217667859
91846905,2967861,0,0.45434243995251566
34321551,1725157,0,0.6228889383926691
26664569,40380082,0,0.4490087698469517
40089677,51393446,0,0.7915131996075776
25579174,29450849,0,0.5726659062716947
76415424,23384883,0,0.9201310060325588
46596747,41372708,0,0.6857713484986199
36495345,66335041,0,0.6766097329361052
15177236,91539636,0,0.9280307380242853
81404877,13036784,0,0.5917179401509098
77905676,86727847,0,0.9143732408125856
25809596,35048202,0,0.6485291935930895
28276674,39992385,0,0.7559125798837845
14812650,89261509,0,0.22495699087364818
88524690,24655996,0,0.4968918342034383
13420322,55894453,0,0.13319823031975797
77516821,97561337,0,0.8559378364784246
26500083,57655210,0,0.6290621567785148
27952786,64196311,0,0.37528577483773995
99720713,24192935,0,0.4947330413388348
62508360,37097757,0,0.6773123438513768
23851662,73943821,0,0.41182880894089247
66077234,10234798,0,0.098926333801725
66717050,47357817,0,0.5371621749770497
56227637,44166847,0,0.3357622011931348
13685033,95184348,0,0.21100830446196017
44166847,84016892,0,0.5939080494454966
18047370,1208580,0,0.22029622413540817
25222999,5536379,0,0.9442766822230366
25717661,90430454,0,0.32161940202482764
71317039,85626932,0,0.04414570924658345
25637186,86756445,0,0.6319468136072007
95153062,49819075,0,0.531360172964258
6683133,50250153,0,0.12677255705808055
98005269,95225549,0,0.2192813024936584
97271167,37923579,0,0.0021269471381401006
79606521,56556431,0,0.2946254797784257
45315576,28164398,0,0.8802862262181516
73353746,95153062,0,0.6297155715282592
68986527,59071361,0,0.06725201882729326
39697097,63784743,0,0.014612433992280183
11198280,78134743,0,0.6919426076973878
50900292,6967232,0,0.21095147764789213
1740252,96037627,0,0.5824964248322339
91456262,93508628,0,0.46661593456267614
77047788,94106030,0,0.12642356674454147
60362229,59726120,0,0.6003647093473946
74548654,95554445,0,0.7182261078557804
91453235,81019816,0,0.2453811457562881
38044575,20525355,0,0.5055101919206368
9886484,35775748,0,0.2927048200664526
68917540,52309191,0,0.43865436312086714
13721129,20688731,0,0.4683897350315587
78010500,99894281,0,0.34783021949109294
45839247,31303766,0,0.31731166685800904
2411084,95912131,0,0.2956509921073758
13976828,93411439,0,0.33309690041306983
10114522,76046588,0,0.9817578136553968
84802060,2079460,0,0.6610866260791893
72055385,40695972,0,0.24569302186918862
91833240,62295681,0,0.2778992503817297
34452965,77109152,0,0.9545494742279719
73458571,7077999,0,0.9828431213114144
20714438,13382034,0,0.523739091458666
88210518,79606521,0,0.9851011633728043
58433227,28245948,0,0.05628675841115405
86727847,50978393,0,0.26356319122626903
52669852,46145472,0,0.5233556163223131
76339936,1356835,0,0.1690524924153336
66779712,52736884,0,0.7241490646620774
14424506,28276674,0,0.7318763527015953
47071518,2620720,0,0.5662329326448775
36674503,87912003,0,0.4258159370731771
60362229,40543553,0,0.8917200110531133
35080194,99500546,0,0.17914723461449134
26555355,30599296,0,0.6336103106285264
13422367,4725174,0,0.9132730595902405
79229286,76671007,0,0.28342859521622854
43422077,45906853,0,0.6372314004005775
47071518,57514371,0,0.8788034510387014
28245948,62601383,0,0.7696196668184757
20818552,66447833,0,0.7028295106353366
6518014,76863896,0,0.14015365707134086
49819075,45906853,0,0.32392986894842823
57514371,52998304,0,0.539959045605353
98378496,24241514,0,0.471375780744126
55182740,20818552,0,0.3885894411500399
90279207,7077999,0,0.17173205169394012
9013426,64196311,0,0.9064274164562847
40543553,46121993,0,0.34773541507924943
72921814,51094488,0,0.08940534481684914
34423766,44077335,0,0.022961881051959954
31756795,64616048,0,0.5295365310952662
28276674,97388623,0,0.8922669196711959
35312721,32627895,0,0.007180814963278492
3912027,94443498,0,0.6111975565054422
41343948,39374992,0,0.6692560117761688
53630767,74776829,0,0.9883818999891582
5690467,57057530,0,0.3790209209877564
13599980,79670402,0,0.6247765372657857
8027034,4836298,0,0.7813774881330604
20714438,17291348,0,0.8283625033836428
93520137,49151534,0,0.027527287902522013
10557084,61229605,0,0.7254300822495919
62693492,88524690,0,0.9679766107622326
40695972,17024972,0,0.5897805224470517
66335041,67726424,0,0.9894244823522563
24395226,72741122,0,0.5895902037854571
25513924,36141023,0,0.623211878097385
52782485,20107904,0,0.14388194406392385
43231809,16318738,0,0.09802520389574565
89907535,90430454,0,0.10645680813288494
41512662,58433227,0,0.06202221863225621
62295681,69398472,0,0.4254202313309873
58336122,93918643,0,0.5281813987412809
53208998,63559877,0,0.9668563086850229
48945237,64196311,0,0.04949406830839054
98005269,43731767,0,0.6494480318540553
95826133,91238301,0,0.9762268783256084
77440365,66224027,0,0.051956248758129875
16255469,71500220,0,0.7035092304669361
16384480,15941972,0,0.6801519377078414
31501038,81310739,0,0.28617028736316963
24241514,78040011,0,0.9000456093054868
10828241,58336122,0,0.8639974105257461
56536881,91157005,0,0.35608080328993896
9946453,30599608,0,0.40797794455234027
50250153,57655210,0,0.4451348943734026
41809047,24460567,0,0.7315587164269397
13588140,93411439,0,0.1010763807655658
9886484,7077999,0,0.18033198132900752
39376211,44962731,0,0.6574254949327543
36638392,66335041,0,0.19449522137163422
69214312,40486866,0,0.44773563381885884
14851583,65253049,0,0.6170390853996772
73608067,88101462,0,0.7915095290970383
13382034,63965515,0,0.3015521018370092
77516821,51393446,0,0.4977388191416605
37113338,50250153,0,0.1209968474078118
56626757,46329613,0,0.47078711979629395
35911711,15566006,0,0.7503895707567192
83832488,1368680,0,0.9118770571940724
60362229,3358929,0,0.6489300407671446
39952079,18956374,0,0.5806588425481978
97258118,43856074,0,0.599772811835409
58685182,73458571,0,0.33526541610505023
39376211,91883290,0,0.3147764380314473
48043921,49505243,0,0.4208027332096036
99500546,1368680,0,0.9504154464438133
67802809,2079460,0,0.9380977540233147
40543553,85506287,0,0.004832627956329216
57849437,10297694,0,0.37888319349224
1356835,23745026,0,0.6645130237735843
6893312,69987535,0,0.11577745267897055
10403480,86756445,0,0.6372868916778928
93123777,86532794,0,0.1920606187820496
8383150,73099558,0,0.9196820137700694
17024972,11311771,0,0.4046465670827084
99431405,30111815,0,0.16809334148538335
30414554,84288291,0,0.7060802481699782
95826133,14792297,0,0.21086163669385882
95184348,15159568,0,0.0005212701875656478
52477331,98378496,0,0.34649646904098197
69736669,96365107,0,0.9486281394797055
24257672,95912131,0,0.05808441642672635
27047919,11894572,0,0.6445673187050296
88981662,81310739,0,0.8377303368970457
42523283,57303434,0,0.17970315720943375
18667655,30414554,0,0.365528721240038
27221222,47497170,0,0.12971963462930847
15177236,95912131,0,0.6710480612061898
34834363,85626932,0,0.41551772559140465
33574826,68421828,0,0.5551842435100648
63559877,81951877,0,0.767994908913256
89046641,79606521,0,0.4661357592018439
59071361,86727847,0,0.5952006694706964
55731160,71637063,0,0.03725191895290869
17292874,31577392,0,0.9516749813282495
99720713,24257672,0,0.8898909136513294
31437775,35833182,0,0.1641636640344437
28245948,81951877,0,0.764762218783208
93516836,71637063,0,0.4471532527975701
50978393,26561160,0,0.7511085024422186
8037069,89907535,0,0.8529957471923425
58340233,6683133,0,0.47299459393048715
83220631,25723014,0,0.01600455022013547
16255469,55845924,0,0.8681905675779358
48357163,18956374,0,0.5730173694466819
79229286,74776829,0,0.975498081818924
92833735,99099551,0,0.4521637143255779
19391323,93533308,0,0.8429860318066785
24257672,93921337,0,0.6622614029032049
84288291,62002370,0,0.12127083951759166
3767680,96037627,0,0.8150197095646389
32627895,39025106,0,0.10573427316479422
27028477,70983004,0,0.19427593902135287
89261509,79362409,0,0.038360341315831215
96913349,5248334,0,0.6207100702645498
50978393,84578254,0,0.7180272469046061
56581181,91811609,0,0.5355397059206681
76046588,1654993,0,0.6488857783955861
9519342,17292874,0,0.1973541303018701
92523951,6902281,0,0.23899475548002702
47276999,45316543,0,0.6704516733580204
52564440,3043561,0,0.5965354397301722
34044866,18047370,0,0.5478382162400599
28000741,20139115,0,0.3088807841209452
13382034,20139115,0,0.2799695470481681
96037627,94698023,0,0.4084438473933788
73458571,39697097,0,0.31207972911284654
64464013,38056000,0,0.09068577172355285
45326656,29952687,0,0.3907815161911542
27159196,68005345,0,0.7442189544324169
29848328,90233535,0,0.1145126372188291
55378606,55182740,0,0.18920116474797077
94352667,88608944,0,0.11727585167880838
73422138,73696441,0,0.7653462067471204
51234426,44591337,0,0.07605539926437122
68089076,10820488,0,0.9679958172178945
24192935,46329613,0,0.9789479080428436
68775273,88101462,0,0.08190269862821431
24871513,68775273,0,0.8629445908346973
38308060,54737719,0,0.7568209659182631
3867226,79670402,0,0.06093339563902944
39992385,25116789,0,0.5574284350383538
39992385,11894572,0,0.07746138637730127
88384564,72661267,0,0.11340609848117311
76554114,69018752,0,0.14763515382738668
18667655,51986577,0,0.6919951310769185
31577392,21535596,0,0.48334264782513314
41512662,76671007,0,0.173161094226421
65688446,68986527,0,0.8432093431829015
85647670,31184430,0,0.2628346553536952
24908625,35048202,0,0.895636757903146
80290923,93490592,0,0.06243345932912525
45030044,18047370,0,0.908096300070723
46703176,92833735,0,0.4227547796930763
47357817,46378272,0,0.7615770140363636
56202252,63176449,0,0.4229657189837064
96750709,46145472,0,0.6266810981344951
46968781,35833182,0,0.011964182293610737
20642856,13727596,0,0.5505011112603654
45839247,14792297,0,0.6128252296278226
42365909,74158023,0,0.3590029017047628
24547668,18956374,0,0.8014805355264392
18764772,68780466,0,0.5093664382672352
5248334,50900292,0,0.47661356771402874
3912027,57701748,0,0.5620606212711227
59698456,16611799,0,0.14093453609402096
27649656,94658761,0,0.9460360596437519
60870059,40089677,0,0.01786851277854029
91858045,27159196,0,0.32410257436119794
80397737,44591337,0,0.5967375326942947
63514877,70383408,0,0.4881076162574961
24192935,87991063,0,0.16203027598018693
46274912,56904407,0,0.3536233071445275
73818897,2322309,0,0.661561331027271
26321046,69236877,0,0.49880157374814726
94443498,53797524,0,0.6983340150423067
91453235,33679470,0,0.4253310211274627
1909339,84802060,0,0.9247000934836173
28252053,35911711,0,0.009115657064305283
29682545,78080024,0,0.6286399908022006
99431405,36527641,0,0.22149054876278051
29682545,31840240,0,0.2334005657309478
26321046,39342639,0,0.1170092127120268
28485269,81019816,0,0.301046575239311
34452965,42233067,0,0.6353533343860548
93520137,60362229,0,0.46837159072389745
13422367,19335029,0,0.9297558535240378
1368680,42365909,0,0.6871407950572367
19351851,14988572,0,0.2792002716485795
58496287,26749403,0,0.07969559992233921
20642856,14792297,0,0.7124183568299027
16046965,25513924,0,0.8803862989546849
89660514,39992385,0,0.6160810791645799
13382034,4634419,0,0.237437434638048
34834363,52874087,0,0.619818296080346
22473229,72208118,0,0.038597206695220376
1194755,5690467,0,0.3246289591942464
78040011,14355256,0,0.27799056517011
20714438,96839884,0,0.1849397505317365
24908625,38301746,0,0.993508368979269
65639044,88210518,0,0.4150662749940538
41432282,55566923,0,0.8891139675522286
18893070,56227637,0,0.8400575923385827
46378272,53073540,0,0.6549526899107173
18979483,92523951,0,0.4901705835085399
40228913,65253049,0,0.41898717607471514
3358929,32231430,0,0.6126015323628146
27082796,39952079,0,0.7217903424544709
11311771,38044575,0,0.5758393467464014
41809047,98423772,0,0.8822680541896654
6159312,61962881,0,0.7085209253722287
33679470,15960857,0,0.23277354350018165
90279207,4674558,0,0.3702685325097572
81058936,31678190,0,0.3348214716564132
51310197,11255584,0,0.5423873773101837
99894281,81605408,0,0.2413218300613197
99521999,36495345,0,0.5891105660362188
53292765,61229605,0,0.30488377658050814
5873920,47699636,0,0.2928850793771953
30111815,35803587,0,0.8724665654297901
95437743,27712783,0,0.720301128542704
96366532,8132271,0,0.07689129129790995
45990138,43422077,0,0.3714877141957873
66539797,91846905,0,0.29253497632131353
84288291,86821120,0,0.3390523677534327
5690467,15941972,0,0.05379806579196389
21109584,96337383,0,0.05009345229249318
14966763,27047919,0,0.47485958930412664
65133803,20323232,0,0.3617588151571757
59222463,48408624,0,0.12968867902104375
48983647,1740252,0,0.7093470727142133
71087673,13685033,0,0.8679539471101123
3034317,53845671,0,0.09634141128443952
11001171,72883533,0,0.2882952350148055
24241514,81019816,0,0.1825537480219135
76554114,38044575,0,0.5399120144961561
18192833,57899435,0,0.39718928561501465
17287080,36193280,0,0.7921696618867314
87991063,14037535,0,0.16177517160946486
84578254,62002370,0,0.1740611096120317
59726120,1208580,0,0.08302417774614335
93411439,77047788,0,0.7518747516278501
24944608,34297417,0,0.6524900934756422
33679470,53411021,0,0.6782486392547128
66224027,81951877,0,0.5427650326052494
86888137,41293120,0,0.7088108067023657
74834033,28485269,0,0.9724218031522223
89660514,98423772,0,0.5512697485583103
7733802,31840240,0,0.9468819848084101
9013426,85859342,0,0.9803204576091559
36527641,66224027,0,0.18519072251604163
47030957,73458571,0,0.32493338345615574
4294049,19153623,0,0.7411136045952736
91453235,23818251,0,0.6598488756693484
81951877,87991063,0,0.23694887249794105
2411084,74158023,0,0.6187788330788122
49819075,48408624,0,0.2338041302128373
1725157,36495345,0,0.06378571480164485
30427337,91811609,0,0.4361486400157216
71456361,87912003,0,0.21395910406160112
41293120,81058936,0,0.9096756118896329
87427494,74879002,0,0.23930895002180375
63176449,4545244,0,0.2416063376471138
3293181,59979087,0,0.9559900961128049
20688731,76622964,0,0.1961542066673363
23383243,9013426,0,0.5005251610346262
71830144,26561160,0,0.49509777709056113
2794837,96067012,0,0.8092289535052951
73422138,20107904,0,0.5199552736660418
29575344,8132271,0,0.39485732164830567
65394187,35312721,0,0.0216635066077564
27952786,20559342,0,0.477814119611491
40089677,31840240,0,0.6192497818919172
4294049,18770728,0,0.06858821097723267
4434952,48043921,0,0.5481606904454408
35833182,48983647,0,0.1431319163295489
93533308,2079460,0,0.8902914680737215
63965515,40454923,0,0.8125926915011027
6310965,29942286,0,0.4443357545496236
87491664,33679470,0,0.6814627447025168
22987690,31303766,0,0.3879676745194691
29307751,66312765,0,0.993763204759831
31520365,70971988,0,0.3993326620563501
41451464,51986577,0,0.8441921602078034
13286828,10234798,0,0.22659103770486533
98378496,47380519,0,0.8468954123645622
24241514,77047788,0,0.13147625310248245
62325005,86532794,0,0.4752758660889681
71637063,90213016,0,0.47704329884559415
75033688,46725166,0,0.6473700099414261
13599980,35775748,0,0.4672286877464267
34872913,40641501,0,0.4622721715097273
62230473,49267308,0,0.26649310502830026
57345100,69825660,0,0.48563158206822354
47603926,89851872,0,0.6607387799613597
86532794,24871513,0,0.13808997070559992
20153226,50937583,0,0.3537959581765573
45499241,55845924,0,0.5281488007218607
67726424,20559342,0,0.23314479614343986
86727847,91611215,0,0.0866096676260083
77738881,45167728,0,0.2623676125889949
4520873,73943821,0,0.06854834795042486
2079460,91858045,0,0.14626260683310122
69018752,59726120,0,0.7276542798728851
74834033,5944102,0,0.40238732105664277
36495345,54044477,0,0.2426791838420288
53596992,54765901,0,0.8963879634901167
86821120,37784701,0,0.6580148689764044
99720713,81938027,0,0.46858972347486416
73608067,40486866,0,0.37128314306862664
93777472,36674503,0,0.8228536501742547
