origin_id,int_fetaures,float_fetaures,node_label_0,node_label_1,id
5125489,"[94, 210]","[7.75003028894565, 687.4913727952168]",1,1,0
79364113,"[72, 265]","[4.947234765668654, 1192.0257425240652]",1,1,1
73107019,"[80, 213]","[8.931735387205725, 1581.4020891830394]",0,0,2
76844737,"[69, 254]","[4.91752437767527, 952.87631501277]",0,0,3
5457649,"[23, 294]","[7.523821229407282, 1345.7618291077938]",0,1,4
31931431,"[31, 296]","[4.882901683111939, 1875.2516784512734]",1,0,5
45470924,"[54, 207]","[5.4018279801564875, 1540.7313094574874]",0,1,6
30180443,"[43, 281]","[7.694609179410913, 647.5673911560477]",0,0,7
78238327,"[28, 250]","[6.481699019952561, 872.7823535919362]",1,1,8
42586513,"[35, 227]","[4.733068687464045, 1527.8715374025758]",1,1,9
32832267,"[33, 255]","[1.7206658913167883, 1106.7742000142061]",0,1,10
84017335,"[79, 299]","[1.5384193448100092, 47.96979305184168]",1,1,11
68696926,"[11, 207]","[0.41580973114106246, 912.4525723491497]",0,1,12
4739040,"[88, 258]","[8.332265413843231, 702.166291440935]",1,0,13
15231579,"[93, 222]","[2.2542473441809907, 1694.6209000583458]",1,0,14
32478869,"[68, 280]","[5.894520483861879, 572.4936981748767]",0,0,15
51102782,"[55, 202]","[2.883070307348783, 870.9668533329404]",0,0,16
79588916,"[37, 254]","[7.071931174955123, 818.7705595589589]",0,0,17
18329862,"[42, 269]","[0.09132252429084553, 1550.4580310463439]",1,1,18
63449869,"[48, 260]","[8.17600133577551, 94.16970384279466]",1,0,19
94801294,"[39, 240]","[2.2974902804235953, 308.9628225396328]",0,1,20
41610897,"[45, 257]","[6.277456291229377, 1044.227422370158]",1,1,21
21298084,"[43, 222]","[6.395088839868929, 1287.6313296699957]",0,1,22
66301010,"[87, 279]","[0.8008488514994028, 527.2564455824848]",0,0,23
80844005,"[49, 264]","[8.589830908043679, 792.4399133902125]",1,0,24
56453461,"[85, 261]","[1.4887525230529797, 1407.5166846878897]",0,0,25
45737431,"[53, 214]","[6.891952183661551, 1999.1167214775987]",1,1,26
31945008,"[10, 215]","[4.305267434540196, 1094.0506623927904]",0,0,27
98031892,"[36, 283]","[9.422335661178002, 1779.9263406919226]",1,1,28
74488859,"[88, 214]","[3.6818772482031994, 168.00176371294873]",0,0,29
80144876,"[80, 264]","[1.2599689692994465, 717.797741399468]",1,0,30
29728625,"[16, 276]","[7.414069400734032, 30.34607352249519]",0,0,31
18829335,"[73, 270]","[2.2858085433447215, 1523.4561839131566]",1,0,32
27319404,"[75, 261]","[1.004216524836531, 1991.4806206323574]",1,0,33
62571169,"[82, 246]","[2.849004198682149, 1526.061571122671]",1,1,34
66386518,"[47, 261]","[4.909326983542793, 826.22304971671]",1,1,35
34316612,"[24, 253]","[2.410807693380023, 865.357633572827]",0,1,36
52291076,"[99, 263]","[9.516349508401976, 770.1157051426104]",0,1,37
33952887,"[58, 221]","[3.6268777623367288, 177.1625332870639]",0,0,38
30559069,"[95, 256]","[0.019337566367175762, 1995.6369135778089]",0,1,39
84602763,"[100, 212]","[2.94195934574348, 526.2933827824999]",0,1,40
89051479,"[61, 269]","[6.363733528865694, 1208.765241794008]",0,0,41
23481824,"[64, 240]","[7.970300576384678, 1980.5749580670304]",0,0,42
20749364,"[63, 264]","[6.574465570046062, 355.9109738123536]",0,0,43
67336890,"[28, 267]","[2.173620095557167, 1582.3620007752018]",1,0,44
37120767,"[13, 256]","[4.785148560121541, 1217.4391840379371]",0,0,45
19877108,"[77, 278]","[6.2433770636887544, 754.9990906177437]",0,0,46
16404010,"[71, 239]","[9.27486335049124, 1575.4329634608087]",1,1,47
96095463,"[72, 208]","[9.630388077225108, 853.9295621889298]",1,1,48
15875198,"[59, 220]","[8.11783264613818, 1765.444065911371]",0,0,49
18893146,"[33, 295]","[7.1019386823199495, 566.9704876580413]",1,0,50
29797468,"[17, 200]","[7.707638822437154, 1408.217303094735]",0,1,51
72507746,"[96, 285]","[3.9507141976065476, 429.7266775313704]",0,0,52
62614791,"[41, 268]","[8.266849502405124, 1995.0216393527344]",1,1,53
41540934,"[69, 214]","[4.313713765311427, 608.778353114706]",0,0,54
9705538,"[92, 250]","[2.1388227947165497, 790.7683768454907]",0,1,55
16347714,"[63, 299]","[9.220110582773216, 1803.4872556449466]",1,1,56
73403512,"[13, 273]","[3.2924295911028367, 1071.304085932394]",0,0,57
57749588,"[20, 268]","[2.753846881127683, 637.0877947730482]",0,1,58
29883244,"[55, 282]","[8.719499446842311, 1617.0436071993652]",1,1,59
5053698,"[33, 252]","[9.494032167433808, 817.8362318894366]",1,1,60
96501436,"[10, 280]","[1.3682071568338239, 1867.8549461156867]",1,0,61
24346151,"[19, 206]","[7.890586397159613, 892.5881237587283]",0,0,62
72763867,"[36, 201]","[3.5479860839312813, 595.2778372567475]",0,0,63
2267371,"[24, 213]","[9.97381869160945, 495.55923897593266]",0,1,64
91001130,"[56, 259]","[4.794855512786428, 623.1674185045044]",0,0,65
16075297,"[32, 243]","[3.1793039491586725, 475.22333977540467]",0,0,66
93299492,"[29, 239]","[5.3535451038479, 361.00631849241086]",0,1,67
73428921,"[16, 200]","[5.058406421112469, 1037.700024198357]",1,0,68
78122552,"[35, 288]","[4.77727308730352, 1518.6106634757632]",1,1,69
29750030,"[35, 255]","[9.268818960088552, 972.6849134611319]",1,0,70
72860822,"[87, 271]","[0.673407360813234, 198.45166064463893]",1,0,71
20441885,"[55, 275]","[1.1551923193701086, 1703.004637207398]",1,0,72
40407374,"[93, 221]","[7.6336487965519595, 376.5538224642142]",1,1,73
12931656,"[75, 209]","[6.06862229744873, 26.353230266003223]",1,1,74
7257186,"[12, 286]","[7.247838042278499, 152.58231998022498]",0,1,75
26352364,"[84, 219]","[9.855587101626403, 389.2190524846879]",1,0,76
17929107,"[72, 242]","[4.115428820031903, 1631.6378333946598]",0,1,77
87410917,"[10, 203]","[3.153153285712298, 1053.8322679705461]",0,0,78
18270251,"[24, 286]","[4.87885848998568, 1089.2059210066739]",0,0,79
51653437,"[75, 220]","[0.7446274877400583, 1517.9854208350046]",1,1,80
66444532,"[61, 235]","[3.8067559462151737, 1399.7605000885826]",0,0,81
2545353,"[74, 218]","[9.656316960543885, 1881.6781989572225]",0,1,82
46055465,"[80, 268]","[2.5657496682810232, 1183.8692048241792]",1,0,83
57345673,"[39, 258]","[4.596596308045086, 296.8375179979421]",0,1,84
88644919,"[46, 222]","[9.306359226738453, 1143.8557721791324]",1,0,85
29456554,"[36, 245]","[0.5778123615042041, 1379.0077668164859]",0,1,86
2333008,"[36, 207]","[9.846472809280876, 1104.9378935734176]",1,1,87
68637510,"[78, 252]","[8.599814668516492, 557.1125127797229]",1,0,88
87008194,"[17, 286]","[9.986849984939635, 1722.77438570731]",1,1,89
76424663,"[54, 227]","[2.767439480220495, 739.7311289658004]",0,0,90
13213983,"[19, 297]","[2.6917925764610793, 628.1200697116099]",1,1,91
61991413,"[59, 226]","[8.449753972864002, 630.8923303622533]",0,0,92
60585125,"[45, 252]","[0.5226754860374205, 144.41054835039148]",0,1,93
87667664,"[100, 254]","[8.731129672247326, 1506.475229933905]",1,0,94
12621253,"[37, 238]","[1.7735064622944463, 1863.912777511191]",0,1,95
77426755,"[78, 217]","[5.2717501050254425, 357.73552485733285]",0,1,96
73005711,"[93, 254]","[5.596221990383413, 215.68766115217852]",0,0,97
91229843,"[65, 245]","[4.550170934585172, 809.7988238470022]",1,1,98
18817180,"[69, 255]","[9.32844839477388, 131.30072495101385]",1,1,99
12905702,"[100, 211]","[0.11112550793272447, 526.9771942588279]",1,0,100
11375753,"[87, 245]","[0.48729267707526946, 580.9331690078932]",0,1,101
36619025,"[22, 209]","[3.6146537986853144, 1568.5702079598846]",0,0,102
37787297,"[31, 297]","[4.609354586599462, 780.2005681210567]",1,1,103
35850965,"[72, 239]","[1.6724265254662163, 1079.0061374925533]",0,0,104
20376862,"[87, 214]","[1.684074536056167, 141.38429167832834]",1,1,105
18222407,"[54, 261]","[5.569104917398569, 1920.0912239979043]",1,1,106
93522009,"[33, 264]","[8.355667318012337, 1330.0794802139633]",0,0,107
13576987,"[13, 233]","[4.3309382862155, 230.00473958310909]",1,0,108
18338662,"[71, 268]","[3.906346686792599, 1621.7355669812096]",0,1,109
22114204,"[47, 253]","[6.809555410990504, 788.7868469908483]",0,1,110
91462341,"[28, 242]","[9.335335475089042, 1130.261780289944]",1,0,111
57578871,"[84, 275]","[8.966934428459346, 616.1311381282717]",0,0,112
30194183,"[57, 282]","[7.021163846327797, 533.7581887217638]",1,1,113
27219443,"[80, 234]","[3.4911327181888705, 388.74184831109494]",0,1,114
98512230,"[80, 224]","[8.376489717849077, 681.2229792479434]",1,0,115
63474021,"[58, 288]","[5.564194434147268, 1545.0585717104973]",0,1,116
62014937,"[19, 258]","[7.694442858548692, 1940.0311944151597]",0,1,117
1719841,"[80, 291]","[8.97913441876906, 731.680067080794]",0,0,118
65073135,"[24, 275]","[1.0586849148833044, 1129.026162779306]",0,0,119
55004260,"[12, 200]","[4.556329144788553, 564.4602397602218]",0,0,120
37571011,"[93, 295]","[9.84264360593296, 542.5892191031836]",0,1,121
38905212,"[59, 220]","[7.523317397765899, 34.072081606120406]",0,1,122
29502521,"[84, 282]","[4.368295292181789, 569.3417208371088]",1,0,123
49072726,"[56, 289]","[0.2661173543022588, 1387.922682769233]",1,0,124
17813265,"[63, 266]","[4.193621941247087, 990.9852442001854]",0,1,125
71903401,"[43, 258]","[9.852172489758061, 1623.4922775586201]",0,1,126
73478180,"[51, 227]","[7.87803006427499, 950.2904649465049]",0,1,127
93942469,"[92, 250]","[8.166211364496457, 1192.406177419074]",1,0,128
6855974,"[21, 226]","[0.9260699985999932, 998.998098009729]",1,1,129
4033126,"[85, 210]","[4.542315779809015, 1345.2629197862043]",0,1,130
91900196,"[84, 219]","[4.646944699052615, 1161.6482612679813]",0,1,131
16342892,"[29, 279]","[0.029853694401956732, 1647.823538735931]",1,1,132
43902388,"[69, 233]","[0.667970936368939, 1818.4130832719106]",1,1,133
17729880,"[83, 201]","[1.8904346313761045, 602.2173770221584]",0,1,134
24784786,"[72, 283]","[3.340779763431343, 1524.595682992349]",0,0,135
22355135,"[98, 223]","[3.2020178056885316, 1647.2718008839377]",1,1,136
61222903,"[76, 226]","[1.1973887262586658, 1999.8952152245695]",1,1,137
13642704,"[71, 202]","[1.773717743158516, 1227.8319101220168]",0,1,138
42718889,"[41, 229]","[3.3897325402772838, 1249.983985963993]",0,0,139
65817050,"[58, 235]","[1.0542485246580713, 1946.7562822322027]",1,1,140
83465060,"[52, 230]","[3.2227273237029284, 1126.1909010750267]",1,0,141
4095743,"[85, 237]","[6.134139454566775, 1544.1937329130158]",0,0,142
1024655,"[22, 241]","[7.383676440477741, 752.3280616766727]",1,0,143
91711707,"[90, 209]","[1.0236185660786412, 1616.880648947615]",0,1,144
2204427,"[28, 262]","[5.589156096986068, 1927.7959050872153]",0,1,145
94680735,"[23, 238]","[6.498960928660187, 1748.4495064601676]",0,0,146
90748944,"[22, 218]","[9.961986280320986, 1718.6623302718874]",0,1,147
8112854,"[87, 235]","[5.137073200070205, 41.93713080438921]",0,0,148
22839666,"[23, 294]","[7.784689692829414, 734.1433041822569]",0,1,149
10343613,"[62, 276]","[6.356962734197436, 1833.9363879133193]",1,0,150
5847896,"[73, 234]","[6.668483968009533, 1752.5400763305583]",0,0,151
62164772,"[60, 264]","[1.3831732252266649, 874.1133161533854]",0,1,152
68875319,"[90, 214]","[9.73246244038468, 1966.4603811439888]",0,0,153
79379853,"[52, 290]","[4.743591196482146, 1586.4993994128001]",0,0,154
4585950,"[96, 227]","[3.740411418822185, 274.0790938097437]",0,0,155
80330288,"[10, 255]","[8.746870912354135, 186.16134124703154]",1,1,156
21842908,"[38, 272]","[8.822941409209996, 932.4404849194357]",0,0,157
68398625,"[90, 256]","[0.12373399513720074, 1600.968543775789]",0,1,158
59266251,"[18, 255]","[6.483942207362457, 1280.2856687674318]",1,1,159
60412390,"[68, 264]","[8.174376149043532, 154.39763103989733]",1,1,160
78351328,"[61, 202]","[9.535202617838117, 932.1793731120147]",0,1,161
47320254,"[61, 270]","[9.298396295279478, 476.67341835688705]",0,0,162
25677909,"[35, 200]","[9.062445964308154, 1188.979622887794]",0,0,163
65385283,"[88, 283]","[4.317900915681534, 1832.7894248233706]",0,0,164
56461600,"[58, 291]","[8.678470773527462, 84.81504239886294]",1,0,165
95050302,"[37, 240]","[8.294230709842779, 1192.387138642835]",1,0,166
21429966,"[32, 205]","[0.9976962804234191, 746.5850598281806]",0,0,167
1649469,"[38, 244]","[4.376818686991596, 989.8472010123176]",0,1,168
82892634,"[13, 248]","[4.383949139729766, 1116.323410885362]",1,1,169
62219702,"[12, 207]","[1.0282091442151287, 1009.0628750382771]",0,0,170
43389518,"[18, 211]","[0.774434732414162, 187.40815692686996]",1,0,171
3333265,"[21, 216]","[7.040743311390588, 194.54932291250327]",1,1,172
59776818,"[61, 260]","[9.787259158650194, 1142.6275153606582]",0,0,173
38549711,"[70, 201]","[5.956204797798062, 1741.420840494539]",1,1,174
66468429,"[64, 203]","[8.619274343693617, 292.13681442675113]",1,0,175
26262658,"[62, 298]","[5.563269600188605, 1885.7085726284413]",0,1,176
23745874,"[91, 233]","[9.304264385438772, 21.167500794003757]",1,1,177
80400612,"[19, 220]","[8.085836383902722, 424.95628261299487]",1,1,178
98174183,"[99, 244]","[1.7707076524387033, 394.6003721786795]",1,0,179
33076999,"[94, 243]","[5.404978042648065, 895.1412100154492]",0,1,180
66362399,"[43, 294]","[1.0923518960062295, 677.0987133581867]",1,0,181
74829115,"[76, 290]","[6.228627781435736, 879.0049464673559]",1,1,182
92571224,"[35, 271]","[3.93355913472049, 531.3852368562035]",0,0,183
38892788,"[49, 209]","[4.4937138070861335, 1059.7354694596154]",0,0,184
13177321,"[69, 220]","[1.1712367098334497, 636.6768820638014]",0,1,185
59576545,"[21, 263]","[0.9379296576616647, 897.4158525211961]",0,0,186
49155370,"[38, 285]","[0.15760229009145754, 1583.728183288683]",1,0,187
25624525,"[30, 275]","[7.601937063000653, 1684.6990000681776]",1,1,188
64119536,"[42, 273]","[1.6120838162872464, 1037.1145417770244]",0,0,189
81846800,"[19, 252]","[1.8784725371072553, 1523.4444946756516]",0,1,190
96965718,"[35, 247]","[7.3675959473515915, 1452.2136180926793]",1,0,191
32817328,"[22, 225]","[5.691935536094209, 1999.495273971721]",0,1,192
17728052,"[13, 291]","[8.405184998669752, 156.75770055891712]",1,1,193
77538317,"[82, 274]","[0.8700685933934316, 1140.2438878367288]",0,0,194
2258231,"[67, 217]","[7.252642067682549, 237.67030273479907]",1,0,195
34889044,"[67, 282]","[6.503139283978033, 452.7301831517567]",0,0,196
76594269,"[68, 276]","[1.014900322840443, 1331.9044726268914]",0,1,197
98139129,"[15, 297]","[1.0666566045014048, 623.9970198353659]",0,1,198
41899102,"[12, 249]","[4.759002782286302, 236.58084208405984]",0,1,199
91807669,"[66, 254]","[0.6867815650384435, 340.1354115317692]",0,0,200
5947987,"[49, 232]","[9.451274513029759, 454.1543719407246]",1,1,201
1251030,"[66, 201]","[7.966839798897203, 520.0460776336406]",1,1,202
42620568,"[99, 211]","[0.8747900045936796, 1332.6161950455657]",1,0,203
9904006,"[52, 297]","[8.071613137384809, 360.768005000232]",1,0,204
76017128,"[77, 232]","[2.4972390784932816, 275.2516783310097]",0,0,205
72225089,"[96, 207]","[2.7882817617368927, 201.822248884733]",0,0,206
30045063,"[56, 235]","[8.648886358928866, 572.8609921454015]",1,0,207
28076087,"[90, 290]","[4.741795475461624, 1188.8081406012016]",1,0,208
69935253,"[69, 213]","[2.043926144168725, 556.6462077373848]",1,1,209
97067757,"[77, 261]","[0.20672332883641453, 899.6524112688262]",0,0,210
31403231,"[88, 256]","[8.549511962330818, 1588.5050507783615]",1,0,211
78823258,"[46, 249]","[5.344357472347313, 185.15821198439485]",0,0,212
8148824,"[73, 244]","[7.393802259618209, 311.1191759605953]",0,0,213
27018611,"[37, 251]","[4.156284729234833, 574.7196149757115]",0,0,214
12007579,"[47, 215]","[5.65297161094273, 1679.1930311964572]",0,0,215
43038096,"[84, 282]","[5.838650749256196, 196.53336845767265]",1,1,216
76990004,"[42, 252]","[2.3677853637749435, 188.3543627536004]",1,1,217
7936074,"[89, 252]","[8.264092376419397, 754.3527037724426]",1,0,218
67169973,"[56, 209]","[7.193593783047043, 1386.1723283794684]",0,0,219
87472819,"[79, 254]","[9.093777476024691, 1580.5535669842507]",0,1,220
98416128,"[67, 285]","[3.865929431581079, 566.7684319908932]",0,1,221
51283527,"[37, 241]","[8.848385020662215, 1834.8236806355653]",1,1,222
57281418,"[64, 222]","[4.212244018186354, 1982.7096695597797]",0,1,223
88748818,"[27, 267]","[7.419545576983275, 534.878339552044]",0,0,224
43525709,"[42, 285]","[9.896261679159947, 728.791804284489]",0,1,225
66077885,"[58, 260]","[2.9141020622029314, 1498.677001997454]",1,0,226
61711111,"[16, 299]","[5.708051156083258, 1627.4288876890876]",0,1,227
21871030,"[50, 285]","[5.760403679992805, 192.5919898064674]",1,0,228
29366117,"[79, 291]","[1.9524843821909177, 927.385953987581]",1,1,229
19430290,"[95, 296]","[2.345679009268422, 1958.130785647865]",1,0,230
51288059,"[58, 251]","[1.6601702177558642, 114.79871642844653]",1,0,231
48815177,"[54, 237]","[2.132684455091897, 952.6713067216685]",1,0,232
53854736,"[11, 270]","[9.340998503312752, 315.4832920022503]",0,1,233
39252386,"[98, 238]","[6.522275142776692, 1395.1633503757532]",0,0,234
2074359,"[56, 280]","[6.018549531309585, 1832.670887202982]",0,0,235
63854627,"[26, 216]","[2.264672914897239, 162.20833801837475]",0,0,236
1708383,"[96, 262]","[6.052362024743725, 605.364939562411]",1,1,237
69578568,"[47, 268]","[1.2472485526292265, 97.19005094104193]",1,1,238
4685502,"[71, 254]","[5.954458685171646, 1377.0318872364883]",0,0,239
16296322,"[49, 291]","[4.863439755039618, 1759.2028963399575]",1,1,240
97375909,"[39, 266]","[7.177192168206615, 1409.2354750696384]",0,0,241
82812336,"[99, 300]","[1.3083422159221048, 1972.8866405493227]",1,0,242
52112477,"[47, 251]","[0.517592365230739, 510.7388678305653]",0,1,243
57820802,"[82, 299]","[2.239655670760161, 1914.353466582418]",1,0,244
76830016,"[74, 300]","[1.1272188359599666, 1117.0775230990084]",1,0,245
74698651,"[97, 200]","[5.559717604148101, 1368.8945210390787]",1,0,246
33811515,"[92, 223]","[1.3010578154384145, 1444.7313641748408]",1,0,247
16285062,"[27, 279]","[7.506270099496941, 114.61482466234729]",1,1,248
52790172,"[92, 239]","[5.1158173556502815, 1267.000179487843]",1,0,249
12313235,"[86, 201]","[5.989322539829719, 990.940515011741]",0,0,250
14970959,"[40, 253]","[9.664003315535462, 829.5214680132897]",0,0,251
86006908,"[79, 286]","[0.36241411703677673, 286.99741680152323]",0,0,252
25462939,"[89, 254]","[7.986358382656794, 933.9291443794655]",0,1,253
75399685,"[54, 210]","[3.1829391241516634, 951.8685047501912]",1,0,254
82766431,"[21, 295]","[2.986472263062996, 1838.3210136399396]",1,1,255
71947762,"[70, 254]","[4.686438116296278, 877.0338998278677]",0,1,256
73651204,"[31, 279]","[5.260282308803401, 1571.021452667762]",0,0,257
67235696,"[99, 263]","[3.3130155099923506, 1028.8912216784543]",0,0,258
38071094,"[42, 290]","[5.512840614456129, 190.73535009147724]",1,0,259
1086372,"[78, 278]","[7.6369946220005716, 39.76439898658168]",0,1,260
26912945,"[11, 290]","[0.8755484972106509, 404.14516979155854]",0,1,261
51363799,"[12, 233]","[0.8891202375015972, 321.3430252756657]",1,0,262
75311503,"[78, 247]","[2.1959511363831385, 651.2155062328658]",1,1,263
34762827,"[53, 292]","[8.69795701008748, 637.979117267889]",0,0,264
95133950,"[36, 202]","[7.285439870643256, 1413.406216046563]",1,1,265
82607134,"[58, 215]","[6.322692771718852, 859.588392571592]",0,0,266
19931067,"[57, 246]","[8.340226716142778, 1173.5294530925794]",1,1,267
25261558,"[80, 281]","[5.098122679718637, 914.5372672083452]",1,1,268
40587245,"[10, 280]","[3.735764147379733, 94.38074796027406]",0,0,269
55132075,"[23, 222]","[7.159179735178217, 357.52907968608463]",0,1,270
1229491,"[74, 224]","[2.568575619522926, 1977.976353455873]",0,0,271
96976327,"[87, 210]","[5.700076777573368, 1878.6661734625106]",1,0,272
79743085,"[80, 285]","[3.938112776803316, 220.5459871132871]",0,1,273
63883655,"[24, 200]","[1.855317801586125, 1143.7390040458836]",1,0,274
14953397,"[35, 226]","[6.318436125761982, 805.5447705329279]",1,0,275
72797354,"[99, 224]","[2.427583692323868, 488.52798518592635]",1,1,276
76427309,"[48, 290]","[3.827665308231313, 900.3984575199096]",1,0,277
72293550,"[16, 209]","[4.939335954205825, 532.7723232971506]",1,1,278
90306284,"[30, 231]","[6.304072637004841, 1007.683240137113]",1,0,279
57435863,"[99, 289]","[2.1082675482738034, 1846.6980731627166]",1,1,280
28335230,"[52, 264]","[2.642573907623016, 1758.791406430584]",1,0,281
54934415,"[66, 291]","[6.599718920535887, 1989.0082391024673]",0,1,282
55998505,"[17, 288]","[7.962095651617061, 211.04885319734535]",0,0,283
1096634,"[85, 216]","[8.028575934123626, 1554.218027688879]",0,0,284
80406244,"[95, 234]","[4.5387373171586525, 1351.553248726483]",0,1,285
17600034,"[19, 239]","[0.2371568717703676, 1388.7730525204581]",0,1,286
40138482,"[10, 297]","[1.6130378294281877, 829.1722541312281]",0,1,287
65532696,"[52, 214]","[0.03279063707856911, 433.8675469474949]",1,0,288
36274861,"[47, 236]","[3.953035582837572, 1239.305800537348]",1,0,289
95278618,"[62, 232]","[0.2359058765468136, 875.0742752109843]",0,1,290
51564490,"[33, 221]","[1.601229994111244, 156.99769909190508]",0,0,291
17151372,"[86, 218]","[4.91643250461647, 1701.9075766603282]",0,1,292
31054562,"[71, 229]","[4.854120681932054, 838.3693180919039]",0,1,293
58520015,"[60, 263]","[8.859427931241282, 447.30120332152734]",0,1,294
21051904,"[57, 252]","[8.715036820974529, 382.70223083060387]",1,1,295
96689138,"[100, 247]","[2.805349749216263, 791.0495413520548]",1,1,296
52299876,"[24, 293]","[4.790972343007746, 167.57844980920856]",0,0,297
33240961,"[99, 296]","[1.1789403573160762, 1652.5649278601586]",0,0,298
1220789,"[89, 287]","[0.2021781708617676, 703.7379567275925]",1,1,299
78254850,"[41, 287]","[0.5169569056528411, 1736.3599808400477]",1,1,300
47491463,"[25, 244]","[2.80138687717592, 328.39393005114516]",1,1,301
86187938,"[77, 287]","[6.513871056973517, 1349.0082422149947]",1,1,302
35505665,"[56, 286]","[1.1963434827754515, 340.12869914086275]",1,1,303
87069254,"[28, 223]","[6.170243054018885, 498.46654852938667]",0,0,304
9872177,"[61, 291]","[0.3001148504165718, 1095.852777829428]",0,1,305
67326821,"[86, 281]","[5.140771269922437, 1907.2948800488427]",1,1,306
81545955,"[42, 257]","[5.951556563125245, 125.82806639850853]",1,0,307
65231175,"[69, 241]","[7.718783992868308, 370.69686382668345]",1,1,308
20959753,"[83, 248]","[1.3969590674593324, 172.83157333128685]",0,0,309
93834509,"[20, 266]","[9.202625223937845, 1216.4196637448347]",1,0,310
30499255,"[56, 234]","[4.759876563257691, 251.79743700725265]",1,0,311
11980484,"[41, 268]","[3.397298336370266, 1929.9573745843857]",1,0,312
81231867,"[32, 224]","[5.906371142213701, 757.1727213990562]",0,1,313
82330150,"[14, 268]","[6.860955881512835, 1867.5827098757068]",0,1,314
1674717,"[64, 231]","[4.969887045040528, 113.21884714408448]",1,0,315
18031965,"[25, 235]","[0.04393131749057866, 1893.6402508889341]",1,1,316
32115070,"[61, 262]","[9.014598197986558, 586.8910040126882]",1,0,317
46335671,"[40, 244]","[2.6801833654940586, 352.71086458030453]",1,1,318
48748569,"[60, 208]","[0.9494543828418378, 962.0873699859162]",1,1,319
3054299,"[63, 222]","[6.131463255021629, 1887.8334224855391]",1,0,320
58361517,"[63, 255]","[0.5460804482826509, 1487.6985530446227]",0,1,321
99111021,"[12, 212]","[1.7524782416739748, 188.306377225284]",1,1,322
97073415,"[62, 291]","[3.902350557767819, 1881.9976080491194]",1,0,323
78509640,"[97, 233]","[3.333686558742378, 676.1794184802147]",1,1,324
95196562,"[89, 221]","[8.514180145729616, 41.7308049134284]",1,0,325
46585798,"[14, 212]","[7.1728191501679115, 1859.1498092290738]",1,1,326
81201178,"[95, 296]","[7.712700506366378, 745.396784574782]",1,0,327
72201105,"[88, 206]","[7.556387525126834, 964.5113556708816]",0,0,328
93373439,"[58, 203]","[7.349610115549883, 1905.0123645230228]",0,0,329
79009261,"[28, 293]","[1.8426026543120522, 1783.4508425277404]",0,0,330
99226433,"[55, 256]","[0.443443609156976, 998.9557456220566]",0,1,331
11782919,"[68, 277]","[9.689475476361707, 1551.6615830413132]",1,1,332
38326574,"[86, 232]","[2.2958320037795135, 10.46196435565716]",0,0,333
40647472,"[85, 237]","[7.021837291048458, 1982.108435886116]",0,0,334
17566635,"[30, 271]","[9.785661501428054, 1064.737500542806]",0,1,335
86673382,"[75, 229]","[3.044978243160177, 1742.9656922049298]",0,1,336
8651819,"[48, 231]","[0.16246127495577078, 1871.2151573682354]",1,1,337
76641994,"[48, 283]","[2.3140349290434803, 1893.1307147918865]",0,0,338
85949858,"[30, 272]","[4.7786616488400355, 1499.8201794999743]",1,1,339
18330489,"[42, 235]","[4.433488408053251, 886.1932783679512]",0,1,340
28447790,"[23, 236]","[6.67213941244028, 1535.8615051242914]",1,1,341
5411576,"[48, 228]","[7.9110479233180895, 439.91275891161007]",1,0,342
56809241,"[55, 288]","[6.578701293268225, 1116.4253334426833]",1,1,343
58547263,"[53, 259]","[7.11998797795675, 1369.6488574898208]",0,1,344
51385760,"[64, 291]","[3.567925168053935, 811.8881413494635]",1,0,345
2379388,"[81, 218]","[6.366235668341849, 415.89802054638267]",0,0,346
15621213,"[55, 242]","[0.2093563066228643, 1942.0584769984405]",1,1,347
86382163,"[19, 260]","[3.2842304673031872, 1350.1964067636577]",1,1,348
13402748,"[77, 270]","[6.8357707793229014, 185.9010267797201]",1,1,349
25176023,"[82, 210]","[5.684880558937822, 31.14012043500969]",0,0,350
88152249,"[55, 232]","[1.5902529275239718, 1717.7235934963917]",0,1,351
85522354,"[89, 285]","[5.474138151290012, 757.150226449797]",0,0,352
36503622,"[90, 229]","[4.937690306005736, 981.9836721151052]",1,1,353
69712010,"[45, 219]","[8.212950566812697, 1848.9338888628374]",0,0,354
68440962,"[41, 247]","[1.5969783769815749, 576.3344671301755]",1,0,355
20361235,"[54, 246]","[6.828187993763159, 1393.70817528854]",0,1,356
75535426,"[17, 215]","[8.726466750121418, 1171.7287157095082]",1,0,357
96478507,"[74, 269]","[0.6005333651291189, 375.9528986074647]",0,0,358
3698099,"[77, 210]","[0.2272782684973107, 1828.2913271867878]",0,1,359
48989739,"[94, 223]","[5.202867652758937, 152.05855423163973]",0,0,360
43186510,"[10, 297]","[8.868692093875744, 1329.5993637958093]",1,0,361
42852912,"[84, 230]","[4.923940012031604, 1070.3442152978635]",0,1,362
15299317,"[43, 268]","[9.737763037528575, 536.4745618872344]",0,1,363
1693486,"[58, 258]","[2.6156451227148034, 1520.4298854240594]",1,0,364
94051031,"[83, 225]","[7.204226073776416, 1498.554479662268]",0,1,365
93010670,"[33, 255]","[3.697884445436117, 422.7172196448339]",0,0,366
79036121,"[31, 229]","[7.894541341244726, 688.8108162900943]",1,0,367
65335920,"[48, 216]","[2.834857632652168, 742.0000495028032]",1,0,368
10453437,"[11, 270]","[2.0116746468060267, 108.01609695516667]",1,0,369
64598806,"[89, 281]","[8.42855635231114, 1979.472250823096]",0,0,370
45784230,"[72, 214]","[8.242833334705098, 436.58567808211467]",0,1,371
74306859,"[72, 230]","[5.042110308690763, 762.9778992972713]",0,0,372
88752897,"[35, 257]","[6.732562326426816, 582.888599258097]",0,0,373
52513572,"[15, 236]","[3.2428921233626298, 1022.0070998607216]",1,0,374
58077715,"[40, 212]","[7.11614461705039, 1798.8025061323897]",1,1,375
73954582,"[25, 286]","[3.2422374032564036, 1310.789339994749]",0,0,376
17837481,"[20, 270]","[6.379462326156336, 535.6054605397024]",1,0,377
66004485,"[29, 291]","[8.126497892642332, 780.2414877096637]",1,0,378
38586257,"[11, 294]","[8.728843199037929, 1493.0455105513267]",1,0,379
3459693,"[70, 288]","[5.7505734084883775, 1557.727840379686]",0,0,380
26983317,"[15, 213]","[1.877158482036061, 592.6172890314378]",1,1,381
42510049,"[14, 280]","[3.6966234315184945, 244.01205098542223]",1,0,382
18539022,"[47, 274]","[1.1048515758249322, 981.4505428818419]",1,0,383
20599980,"[89, 258]","[6.205484047707488, 1868.5087359933573]",0,0,384
36188961,"[48, 283]","[3.889139942006951, 1581.3923039316896]",1,0,385
10990111,"[90, 205]","[2.04253654691138, 376.95654289636593]",0,0,386
33534305,"[81, 278]","[6.857050641094762, 1161.839961504391]",0,0,387
14253367,"[100, 263]","[6.7197849870862125, 1621.7073168988168]",1,0,388
31683001,"[96, 260]","[5.658137213353932, 555.9695729329817]",0,0,389
98602638,"[34, 241]","[8.81224729189739, 524.0696325691486]",1,1,390
25451508,"[30, 222]","[0.26813492369138436, 482.8673488557329]",1,0,391
58962286,"[85, 260]","[5.034219043785196, 1262.6138265277234]",1,1,392
35636051,"[66, 200]","[8.286183192715695, 1724.874247824909]",1,0,393
70379794,"[22, 231]","[1.3791050759889845, 1514.097866921041]",0,0,394
14037148,"[12, 285]","[0.9484621911024038, 1758.4437794366552]",0,0,395
54140698,"[70, 231]","[6.210055577933601, 301.8362342811174]",0,1,396
41721097,"[71, 291]","[9.10630916371164, 614.7489664749581]",0,0,397
36803973,"[52, 240]","[0.8661599368690842, 1168.5262575716836]",1,0,398
59672895,"[93, 218]","[9.308767528311435, 828.2900327148286]",1,1,399
69795268,"[51, 206]","[8.963639369361392, 1012.8407935565755]",0,1,400
95635631,"[49, 261]","[5.052285813534258, 682.8579913962807]",0,0,401
57619428,"[40, 229]","[0.9424328647055125, 38.0423113006827]",0,0,402
28327214,"[83, 236]","[4.225720392073238, 1097.826705170353]",0,1,403
16389086,"[61, 277]","[7.01560558331884, 454.6619579503013]",1,1,404
94911916,"[21, 212]","[3.557175085873183, 1559.215724766869]",1,0,405
3711439,"[31, 204]","[6.290561573950296, 1122.8673539116708]",1,0,406
27393877,"[45, 212]","[7.7106288242597785, 1484.0186700055324]",1,0,407
27574322,"[75, 270]","[1.9410601035370811, 1137.173408282194]",1,0,408
94487405,"[22, 265]","[5.242548185135015, 645.3319716516796]",0,1,409
86256599,"[13, 246]","[0.17770901914305526, 1013.2047002873161]",0,1,410
76781477,"[14, 239]","[0.05304236376911575, 795.7393183559986]",0,0,411
72279323,"[31, 214]","[9.204358305424014, 160.10216086359043]",1,1,412
33159399,"[10, 200]","[6.28712972177633, 92.51476375119094]",0,1,413
83376941,"[58, 205]","[1.8310078874791569, 610.2561791498684]",0,1,414
31664760,"[85, 207]","[0.6640649607433124, 1987.7385478584267]",1,0,415
46063612,"[51, 275]","[3.421681569122744, 1193.130383583305]",1,1,416
82246008,"[29, 220]","[6.050587343119499, 1146.9926432057896]",0,1,417
83654503,"[71, 282]","[9.697093170881088, 1071.513770240005]",0,0,418
89988667,"[82, 241]","[5.773757201584042, 1651.3761193462296]",0,0,419
28731320,"[74, 258]","[1.31728918883937, 491.1391359931696]",1,1,420
43850038,"[94, 207]","[7.419574235005016, 1085.969702623891]",1,0,421
66240360,"[68, 285]","[8.596005340845835, 1356.6157943634641]",0,0,422
14525251,"[23, 290]","[9.415324206987245, 776.5992668193946]",0,1,423
24652609,"[58, 275]","[6.231495091918169, 49.791854487386544]",0,1,424
37916055,"[50, 236]","[6.306843898595336, 1224.249161082081]",0,1,425
20494214,"[43, 221]","[2.3419331456855352, 1426.5981824303371]",1,0,426
90018955,"[42, 281]","[1.9363994429749576, 1707.889182404609]",0,1,427
13771714,"[49, 299]","[8.370632716685972, 1687.1647039498182]",1,0,428
12796200,"[38, 247]","[2.4060604040153235, 1875.4193118744956]",1,1,429
52078544,"[81, 229]","[4.560268684607044, 1744.8944980471965]",0,0,430
65691515,"[92, 265]","[3.4081027382164883, 1274.2444389510335]",0,1,431
17852991,"[74, 200]","[5.863868812902695, 1927.7515762674404]",1,1,432
65679518,"[70, 230]","[4.61182624873091, 1070.9656076833903]",0,0,433
59771358,"[55, 293]","[6.139121521527836, 1774.6807227836528]",0,1,434
7409750,"[17, 297]","[9.097322672936487, 1357.2519425651778]",1,0,435
89161984,"[29, 290]","[1.3432692550978775, 483.1189948798007]",0,0,436
41324053,"[17, 227]","[5.781793330682401, 1297.6618662979186]",1,0,437
54518164,"[64, 237]","[0.447120864778332, 1332.9329358265081]",0,1,438
61172184,"[79, 213]","[2.3372552626902987, 729.7547106366533]",1,1,439
88401496,"[36, 219]","[8.972786030564096, 522.5157495187875]",0,1,440
15902795,"[18, 288]","[5.581940121707454, 1198.3965914554992]",0,0,441
86740659,"[84, 246]","[5.334510786055918, 547.4287909269062]",0,0,442
88164952,"[74, 245]","[3.458989165784229, 87.65644920221848]",1,1,443
75654229,"[58, 265]","[4.334483294983874, 73.62839460698156]",0,1,444
6366809,"[77, 232]","[4.7986525372602475, 870.9519736402267]",0,1,445
40254728,"[96, 238]","[7.487635440514596, 1022.1560667784435]",0,0,446
93418440,"[81, 201]","[1.7836737111821177, 870.8791227149644]",1,1,447
43281471,"[91, 224]","[9.731862331774817, 787.2486499130287]",1,1,448
11727178,"[49, 242]","[8.107575712054313, 1931.6425230180278]",1,0,449
18939776,"[72, 218]","[5.901411485452295, 730.1360059917838]",0,1,450
89969027,"[80, 242]","[2.639771234612321, 1940.1789482099496]",0,0,451
6074010,"[60, 258]","[4.684148041928456, 350.59630484345126]",0,0,452
43398956,"[62, 266]","[0.6177855410528377, 155.08640014907948]",0,1,453
23193635,"[61, 253]","[4.611258444137164, 36.90211135279142]",0,1,454
24902473,"[100, 223]","[7.666366767753644, 528.5644292592202]",0,1,455
97228194,"[70, 280]","[0.7867301386239067, 546.7731425062594]",0,1,456
38837965,"[50, 280]","[1.273721483158633, 1216.5010510802829]",1,1,457
38155711,"[60, 266]","[4.174735921841651, 1867.367604927416]",1,1,458
24654310,"[11, 233]","[5.640691298064912, 1046.2432645168517]",1,1,459
5382411,"[62, 268]","[9.8458146104972, 1949.1592983810697]",1,1,460
92154276,"[95, 296]","[9.179210891675073, 520.007869499813]",1,0,461
95906990,"[28, 249]","[4.646375810026249, 675.3296270136782]",0,1,462
28527544,"[81, 236]","[7.730582835634817, 635.630009650438]",0,1,463
70534106,"[92, 266]","[2.8035501997592647, 55.20921260799349]",1,1,464
11225617,"[98, 249]","[4.674322383846041, 512.2508171767893]",1,0,465
48366817,"[36, 211]","[4.99788423464501, 1098.8000664072626]",0,0,466
19424722,"[43, 278]","[1.7242933838708918, 1450.4977972304332]",0,1,467
98750159,"[94, 221]","[4.667062874757827, 1037.928079600382]",0,0,468
1590007,"[34, 297]","[9.087888748759333, 913.4588685104112]",1,1,469
72803657,"[82, 238]","[8.395261103131983, 1242.6333813406789]",1,1,470
18066411,"[42, 286]","[4.6405812408234866, 1402.6646193156923]",1,1,471
48890345,"[57, 211]","[9.395000544319132, 1520.3038896697196]",1,0,472
47175842,"[76, 240]","[3.628754564816974, 505.4630910096849]",1,0,473
11322188,"[42, 296]","[5.0970704421210336, 949.186577269237]",1,1,474
10653259,"[96, 209]","[4.272736180433315, 422.9163113406531]",0,0,475
39155397,"[87, 220]","[7.094379766398186, 1154.100797805748]",1,1,476
91738750,"[88, 278]","[1.6268375477730457, 600.144653261747]",0,0,477
82710848,"[80, 204]","[3.1495274084398526, 1283.5274761221008]",1,1,478
77394664,"[14, 203]","[6.810629704732731, 1642.69922567215]",1,1,479
23929041,"[96, 208]","[9.980083748873952, 328.045141056861]",1,1,480
66381944,"[80, 225]","[9.337044831232285, 211.03827337756863]",1,1,481
74416360,"[83, 255]","[2.507091442067604, 296.2727293784686]",0,0,482
54617017,"[95, 287]","[5.264594652498413, 413.66093456669375]",0,0,483
23724726,"[84, 268]","[5.6318871466180065, 1464.9646307009234]",0,0,484
24513006,"[67, 279]","[1.0907348687022766, 93.02793065008142]",0,1,485
30230128,"[11, 298]","[6.193341158169492, 1405.9104232249465]",0,0,486
55000026,"[18, 287]","[9.92960958083373, 214.1104488963983]",0,0,487
1221106,"[78, 285]","[6.6693679349033586, 420.7167296729355]",0,0,488
77665791,"[81, 280]","[9.536590025511492, 452.1386216483509]",1,1,489
28187207,"[60, 261]","[4.262017315954841, 1298.9339980202017]",1,0,490
50008681,"[63, 276]","[4.383841387562497, 173.15460958005048]",1,1,491
97464856,"[87, 253]","[7.638653524213269, 1500.1775175367363]",0,0,492
65386071,"[28, 233]","[8.204765512961051, 1232.1158081538074]",0,1,493
54260728,"[36, 299]","[9.867049642835537, 346.2229183675023]",1,1,494
34705635,"[37, 213]","[8.689845705711079, 939.1576144977647]",0,0,495
36783973,"[91, 224]","[8.517616067716746, 469.15774158946476]",0,1,496
61373671,"[28, 260]","[4.845647828246612, 1750.8477161040582]",0,0,497
68340084,"[64, 288]","[2.5912248884771816, 824.718947690777]",0,1,498
71592668,"[96, 217]","[8.175829538358835, 1397.7382605819528]",1,1,499
63027660,"[55, 270]","[7.46175216956598, 826.3227355696463]",0,0,500
89914602,"[97, 298]","[2.1475819947095873, 1099.9394661788235]",1,1,501
64757440,"[81, 285]","[3.36898959604338, 1649.0521326741668]",1,1,502
84462144,"[62, 284]","[4.401549798861536, 708.1697988664259]",1,1,503
22862310,"[38, 286]","[5.742604089068314, 41.01436871925457]",1,1,504
36294324,"[25, 241]","[4.535471110588581, 818.102863030449]",1,1,505
8396289,"[12, 291]","[1.9548405627517518, 1007.912683155181]",0,1,506
72157723,"[66, 281]","[0.12091883924619684, 1006.931043988129]",1,1,507
48571367,"[47, 299]","[7.992727101012051, 1107.294576578688]",1,0,508
9501170,"[26, 241]","[6.0998469152607, 165.8052097801823]",1,0,509
25918944,"[90, 228]","[8.744536059534651, 1539.6352918476573]",0,1,510
13826062,"[88, 239]","[0.6335523800167542, 46.69000937613421]",0,0,511
12767455,"[16, 207]","[8.357849596100255, 546.2609776152798]",1,1,512
67921551,"[48, 232]","[1.5946706219142448, 1855.4779653750093]",0,0,513
31905611,"[40, 205]","[7.547392419035969, 278.15297832243346]",0,1,514
76964296,"[70, 210]","[9.571936338261436, 1196.3537513705567]",1,0,515
69152949,"[81, 232]","[9.640641961427496, 1190.0392946633883]",0,1,516
21162150,"[69, 221]","[7.684827007839936, 526.3227753080522]",1,1,517
76420311,"[98, 264]","[0.4080466095316282, 980.2255231069847]",0,1,518
23695372,"[94, 217]","[1.4499479598410614, 491.3713693480186]",0,1,519
57599192,"[63, 256]","[2.4116750464920367, 1832.794101482326]",0,0,520
76087481,"[98, 229]","[4.203491599331956, 1519.66337891835]",0,1,521
82439785,"[31, 242]","[3.746251861355787, 159.80241135902727]",1,1,522
16031844,"[20, 293]","[4.35635635736337, 79.59496063872051]",1,0,523
8388176,"[81, 290]","[1.9104856911504775, 1100.3476484003725]",1,1,524
37610793,"[34, 212]","[0.3006876645803036, 111.23797299108995]",0,1,525
72350578,"[15, 278]","[7.977491052807304, 948.0261004582391]",0,1,526
10048750,"[19, 300]","[4.203235131660192, 121.46866594245841]",1,0,527
44441097,"[95, 205]","[3.36448675031357, 1509.9672973154716]",1,1,528
90951858,"[20, 233]","[1.3163657648137828, 414.9706659040202]",0,0,529
77889035,"[81, 213]","[2.136193654779446, 1287.1874432471889]",1,0,530
34716541,"[13, 266]","[7.96022316722258, 641.9011048444296]",0,0,531
19734122,"[66, 294]","[3.9260237214203055, 421.2904950963872]",1,0,532
24750806,"[19, 248]","[0.42121268287562796, 1646.3879498958408]",0,1,533
10395181,"[50, 250]","[5.917701443123603, 391.5409209869116]",0,0,534
29960939,"[17, 218]","[9.311951195597171, 59.447784697117754]",1,1,535
24922823,"[58, 233]","[4.814875820135022, 767.3694499064321]",1,1,536
22793126,"[60, 282]","[6.323700555407273, 78.7016534630347]",0,0,537
38139084,"[84, 215]","[9.675540098366602, 596.9601313075003]",1,1,538
13396535,"[95, 238]","[7.422873387567966, 356.1178212714844]",0,1,539
46721643,"[57, 267]","[3.754626062903582, 880.7762817667475]",0,1,540
71041635,"[37, 224]","[6.739386599304707, 818.5132846089426]",0,1,541
29353761,"[77, 262]","[6.663437516833262, 1404.9241561673152]",0,0,542
36869202,"[96, 240]","[7.578353543126953, 302.2306744010339]",0,1,543
16088505,"[78, 240]","[5.426198329377606, 1220.2069070082575]",1,0,544
48959162,"[82, 211]","[6.106482283253295, 157.003401702015]",0,1,545
66885373,"[14, 289]","[2.453072879795899, 749.0202934755346]",0,0,546
85625961,"[89, 225]","[5.655940148592842, 1081.2698005876578]",1,1,547
27425406,"[71, 247]","[6.885657674807694, 515.7878442566362]",1,1,548
75118583,"[89, 212]","[2.9396729333497476, 1517.6260089162804]",1,0,549
7156398,"[15, 240]","[1.928174031276284, 1767.4875352980475]",1,0,550
57849882,"[56, 288]","[5.5231678976527885, 947.9744099381173]",0,1,551
27558488,"[32, 265]","[6.1269411874445385, 1791.8685296775393]",1,1,552
76737076,"[15, 239]","[1.1496490696636241, 1251.604802574552]",0,0,553
94147488,"[33, 299]","[6.034382662900589, 381.8138830900415]",0,0,554
92656208,"[71, 201]","[4.849313177172894, 151.6304807374047]",1,0,555
47680490,"[58, 214]","[1.595998027812633, 180.72156214150192]",0,1,556
42952229,"[99, 244]","[9.543883254025655, 993.3427162689441]",1,0,557
21172591,"[20, 258]","[3.355473077577652, 1823.6596949194652]",0,1,558
24944897,"[77, 229]","[2.018189119188599, 519.4370374042618]",1,0,559
5639424,"[64, 210]","[8.467010212897813, 468.41413041843884]",0,0,560
71864412,"[20, 229]","[1.076896752073091, 500.1435019346705]",0,1,561
77135617,"[68, 241]","[0.8825134382017041, 868.2396214757355]",0,0,562
47294510,"[25, 290]","[0.916450265340687, 406.1338084812671]",1,1,563
43688792,"[20, 286]","[4.40201842533626, 329.7713559054132]",0,0,564
64048437,"[54, 219]","[1.8341479871479338, 190.0638042848628]",0,1,565
39742206,"[89, 247]","[2.5042110995895284, 26.872004096272217]",1,1,566
32809969,"[71, 240]","[8.7747169324852, 984.2854112793744]",0,1,567
53965623,"[75, 288]","[9.60212390080298, 390.36410502091235]",1,0,568
66342276,"[46, 288]","[7.931880157268306, 72.80947659155834]",1,0,569
48787112,"[81, 268]","[5.165679967434997, 430.2482382331152]",1,0,570
54964202,"[81, 253]","[1.9870225951127485, 1379.636329454516]",1,1,571
61317960,"[21, 228]","[3.6744730581130334, 1663.665068594601]",1,1,572
40427350,"[64, 281]","[5.7172763070292145, 90.80283939372258]",1,1,573
6858101,"[91, 214]","[2.741913366733889, 29.00288985702271]",1,0,574
11940705,"[89, 285]","[8.014722877583472, 640.5712808393636]",0,0,575
36935494,"[11, 259]","[6.703010149543532, 1308.651380276074]",1,1,576
39553161,"[25, 241]","[6.278840095315878, 783.8993221423865]",0,1,577
82106272,"[52, 300]","[9.613610526683894, 1910.0497070986805]",0,1,578
53256571,"[45, 261]","[9.212434720165803, 1419.195954471335]",0,0,579
24208830,"[39, 271]","[2.578790271864114, 1381.2447374205246]",0,0,580
89007239,"[63, 204]","[3.0313448200191373, 104.73906982259452]",1,0,581
80389055,"[70, 226]","[4.75153039957302, 1281.1919257687987]",1,0,582
87543141,"[71, 259]","[1.260307327679201, 1398.4598202639304]",1,1,583
19608840,"[84, 254]","[9.208698202201678, 430.2398264243772]",0,1,584
4231798,"[71, 232]","[2.07561281325371, 1238.027677241645]",1,0,585
69615465,"[64, 268]","[4.70311938411795, 616.6721198938154]",1,1,586
85877496,"[77, 201]","[5.904643986961524, 1650.408070996377]",1,1,587
47668741,"[36, 288]","[6.680058749562007, 687.6083488758491]",0,1,588
7143318,"[78, 271]","[7.727766442353071, 289.01188751972296]",0,1,589
20705192,"[60, 235]","[6.781637077418897, 868.2591144498117]",1,0,590
57125198,"[63, 297]","[9.561664099100305, 119.42211547461778]",1,1,591
43289450,"[65, 244]","[6.255913162909824, 1342.3559733182608]",0,0,592
85887291,"[61, 256]","[4.303446347989008, 1544.0092087303847]",0,1,593
77531573,"[73, 239]","[5.388983775638851, 1036.022005802971]",1,1,594
33001891,"[95, 276]","[1.2130181079241764, 1273.7240172100142]",1,0,595
27453886,"[15, 218]","[1.246688701831914, 876.6242846249228]",1,1,596
55515093,"[18, 246]","[9.393223160453362, 1974.6985484713023]",1,0,597
64476739,"[69, 237]","[2.7245417215207235, 1419.0430673057892]",0,1,598
71032799,"[89, 294]","[5.607016667217298, 1562.573734901478]",1,0,599
97305324,"[76, 216]","[0.057439780555645914, 1446.079125621008]",0,1,600
42133374,"[54, 207]","[7.4851835704099, 553.5548376657398]",0,1,601
87992225,"[12, 268]","[4.488076553523528, 1023.2259133479042]",1,1,602
78067511,"[61, 297]","[7.649483003905181, 1753.8392177704657]",1,1,603
59995977,"[79, 286]","[2.2362327859142637, 1652.8752672764792]",1,0,604
86763972,"[96, 220]","[5.517268139802296, 1664.2057587785634]",0,1,605
4483997,"[96, 253]","[4.088086147096829, 1074.9529492841773]",0,1,606
9380951,"[93, 246]","[4.570702484089574, 345.531702261777]",1,1,607
71002270,"[24, 279]","[2.1671491245478247, 826.8469860044147]",0,0,608
57955542,"[30, 282]","[2.9302902897095584, 279.5724250020191]",0,0,609
3335718,"[49, 235]","[7.908952816405601, 1010.1112575177715]",1,0,610
97607067,"[45, 271]","[7.875754125022611, 663.4266482324654]",1,0,611
46865790,"[65, 223]","[9.297440833267435, 177.01820116053167]",0,1,612
32582301,"[18, 280]","[5.657468775433758, 1604.440992851077]",0,0,613
36006227,"[51, 263]","[5.151245031332115, 582.4990716301317]",0,1,614
76053409,"[90, 271]","[9.755304817692105, 1607.5071390466949]",1,1,615
14762157,"[64, 222]","[8.329922371613302, 1255.1883967304823]",0,1,616
73224932,"[46, 203]","[9.273248525176252, 354.7928225844208]",1,1,617
27292527,"[86, 270]","[3.8784005371457586, 327.02993696476426]",0,0,618
31625201,"[39, 214]","[5.44004450796757, 611.609983388893]",1,1,619
96137624,"[66, 239]","[4.337628204652322, 1598.0046663221378]",0,0,620
3972094,"[86, 261]","[0.42615633378937146, 537.2613582996153]",1,1,621
88323079,"[62, 244]","[0.4350234905436745, 1449.1472795245188]",1,1,622
65074485,"[20, 204]","[7.9188073472851075, 1447.7516593684518]",0,0,623
79592441,"[27, 291]","[8.279999961334655, 1736.6730428339756]",1,1,624
24791577,"[93, 253]","[1.652015934041139, 1289.7823656218116]",1,0,625
81951402,"[66, 291]","[4.06661597756135, 1666.4394291497224]",0,0,626
25027361,"[99, 283]","[6.532354869326426, 195.35968561655025]",0,1,627
18987274,"[97, 206]","[7.325965333265082, 994.7759289010005]",1,0,628
15192420,"[42, 219]","[1.0147329704363195, 1571.1135874807599]",0,0,629
26541332,"[51, 290]","[0.8475549880424127, 557.4511355642474]",0,0,630
21649199,"[85, 241]","[3.8546914092867968, 1907.1790244054962]",0,1,631
46538069,"[77, 234]","[0.16329792140755028, 1024.5869620168542]",0,0,632
84026792,"[90, 221]","[7.436019007933041, 1614.13582549423]",1,0,633
89573383,"[28, 259]","[1.5944837423888314, 628.0368814472255]",1,0,634
63493915,"[12, 235]","[0.7868729749328673, 1457.1042854982854]",0,0,635
25023876,"[58, 215]","[5.959892127174648, 302.7030197395495]",1,1,636
94767243,"[87, 209]","[6.073119731861079, 620.071719283867]",1,1,637
62497524,"[24, 266]","[3.4907470602469113, 40.07601520253146]",1,1,638
20952042,"[19, 281]","[0.9150076813242358, 1801.2123397283926]",1,0,639
91397804,"[34, 296]","[7.374148471058667, 561.5865615718129]",0,0,640
88396942,"[29, 212]","[4.156334725125578, 1461.8063993587166]",0,0,641
13295559,"[50, 225]","[8.176164965993998, 781.6845789778453]",1,0,642
49436643,"[38, 233]","[8.821763031608423, 581.4513369266734]",1,0,643
69585588,"[66, 201]","[6.586952711728481, 228.42031692665566]",0,1,644
9607400,"[39, 210]","[5.845549900621629, 813.2469307337728]",1,0,645
72183039,"[93, 261]","[5.459112070615291, 1238.8329017420676]",0,1,646
64178911,"[90, 247]","[0.4796622506936743, 1565.3360571130365]",1,1,647
12331878,"[52, 285]","[6.300847432007436, 1019.6580413543826]",1,1,648
80437486,"[86, 200]","[5.190819520843153, 577.0385369842915]",1,0,649
53055205,"[77, 281]","[6.621636669319519, 29.379800368160236]",0,1,650
43842090,"[44, 250]","[6.696224179908331, 559.8862787444006]",0,0,651
19861148,"[76, 255]","[0.9893790559038818, 1721.3518326592691]",0,0,652
63412805,"[72, 285]","[8.215584167007302, 1787.0124100690152]",1,0,653
33517358,"[70, 209]","[4.3829038515547305, 1600.0861429671136]",1,0,654
1435027,"[47, 268]","[5.301580209358433, 599.0226515937846]",0,0,655
4125778,"[53, 250]","[0.8555078517420411, 143.5578227322767]",1,0,656
22304735,"[49, 296]","[8.9870775878995, 117.35688039983883]",1,0,657
26457403,"[10, 282]","[3.118473332243422, 1268.0779472638585]",1,0,658
6293595,"[100, 255]","[0.6533797816486342, 854.099321432539]",1,0,659
68072280,"[26, 299]","[2.105091705571901, 432.39796197996185]",0,1,660
81902866,"[12, 282]","[4.4850268605133365, 790.9404659169908]",1,1,661
60234844,"[94, 267]","[0.23941034393754723, 393.87127117916185]",0,1,662
78726151,"[53, 298]","[0.06177435757503624, 1515.1773874389178]",1,0,663
24101860,"[69, 252]","[7.878233154395361, 1742.752704047369]",1,1,664
85539857,"[31, 293]","[0.632197839141827, 1894.2603574433383]",0,0,665
98631817,"[47, 251]","[0.5632716892602563, 284.64555708066206]",1,0,666
97950184,"[54, 282]","[5.453920234905906, 841.5135310461894]",0,0,667
16342123,"[41, 293]","[7.9450000237306, 903.4469089527914]",1,1,668
24494500,"[16, 235]","[5.068245934479179, 77.23487264413387]",1,1,669
69060501,"[42, 271]","[6.004781795249529, 1690.8224026101675]",0,0,670
8544563,"[50, 263]","[8.331795882667882, 463.1819294049271]",1,0,671
84717097,"[18, 240]","[7.282497861612963, 1542.8785763885157]",1,1,672
52512565,"[12, 229]","[2.893791303725762, 457.59213655028816]",0,1,673
96437916,"[31, 206]","[7.311976972234939, 199.84830614972648]",0,1,674
16664272,"[64, 263]","[5.37000523690565, 92.17756074097116]",0,0,675
43508726,"[97, 244]","[6.077075979342991, 767.6274879468159]",1,1,676
84224054,"[57, 240]","[2.0328567807017817, 1557.8681882406277]",1,1,677
70150382,"[53, 226]","[9.782234866023007, 1939.5763933774901]",1,0,678
22921321,"[99, 276]","[6.923776843289174, 1313.7715935889046]",0,1,679
13486256,"[18, 285]","[1.078569605558124, 632.9282022323224]",0,1,680
31987723,"[91, 208]","[9.431843478913962, 1640.4848779863116]",0,0,681
29374257,"[11, 299]","[1.8954650927784122, 796.7098425999053]",1,0,682
9699192,"[92, 299]","[4.578111610850767, 1313.2148863165858]",0,1,683
55004683,"[88, 298]","[1.8193809211459433, 1876.381060658472]",0,0,684
22819378,"[34, 245]","[4.540834686475429, 773.9743414777436]",0,1,685
27640817,"[61, 263]","[2.095235073612277, 299.49941464514285]",0,1,686
99128534,"[73, 238]","[4.462957372843852, 1693.669533823274]",1,1,687
43530025,"[34, 251]","[3.439472442509459, 819.4472442580734]",0,1,688
15783086,"[81, 238]","[7.495771366754745, 1526.8954523368834]",1,1,689
16058272,"[29, 282]","[5.2438601709730435, 693.6562867437037]",1,1,690
98432210,"[66, 288]","[6.038505829255216, 1313.1594420750541]",0,0,691
23681104,"[98, 252]","[5.942815524744491, 683.6984272801399]",0,1,692
11903408,"[48, 216]","[6.4873684437086565, 1228.9125968559144]",0,1,693
80095034,"[58, 234]","[8.485099759927914, 1578.5157747657138]",1,1,694
24098055,"[64, 264]","[0.1068802024151716, 1693.3093072870236]",0,1,695
42224320,"[96, 225]","[2.014493442202927, 1082.4850426270878]",1,1,696
27944647,"[34, 278]","[2.91368927051984, 1193.0128099073836]",0,0,697
24326002,"[79, 259]","[2.727909147202526, 291.09740274033146]",1,0,698
94538180,"[86, 221]","[1.9820294423940688, 1207.099502136302]",0,1,699
71260984,"[62, 254]","[5.857128095868552, 1705.7252567851513]",1,1,700
5660338,"[42, 246]","[3.106604584366673, 265.1698730224723]",0,0,701
19747618,"[55, 203]","[9.562032162950109, 479.9952256797477]",0,0,702
86771515,"[86, 240]","[3.087282542392832, 1324.9976953199728]",1,1,703
48841016,"[27, 204]","[3.6485076082882797, 1026.6348839520674]",0,1,704
61647399,"[90, 283]","[8.948744376727136, 1962.7326097873242]",1,0,705
14713855,"[30, 298]","[7.131544712323582, 933.7192467040696]",0,1,706
78359283,"[79, 265]","[8.104035762755032, 643.0138171591402]",0,1,707
19181604,"[29, 244]","[1.2207343917798041, 705.4729638507617]",0,1,708
83265081,"[80, 216]","[0.9390070621568036, 1463.6135922623293]",1,0,709
31223999,"[16, 234]","[3.2621064193592773, 986.6546642151028]",1,0,710
8350276,"[24, 293]","[2.4281457548984253, 350.9149392862718]",0,0,711
61364896,"[40, 265]","[7.899011291679602, 581.6774195327743]",0,0,712
30521524,"[99, 253]","[8.316088580384237, 1885.4229654830997]",1,1,713
53311651,"[41, 242]","[4.638288746677213, 971.2437900455]",1,1,714
73012060,"[96, 240]","[0.766371096927676, 1370.139942982787]",0,0,715
65402083,"[42, 231]","[2.7534471566446106, 569.701460909332]",1,1,716
98134009,"[31, 279]","[5.403483196867976, 995.482109732412]",1,1,717
16583119,"[33, 204]","[1.4958690821249243, 331.6634061948158]",0,1,718
90260396,"[64, 249]","[5.549724626376372, 135.43796772491734]",0,0,719
18385924,"[10, 249]","[0.8039272398436592, 390.82618373598365]",0,1,720
13183655,"[18, 246]","[8.09931921412105, 1919.8951160276572]",0,1,721
73743337,"[47, 223]","[2.802870274866386, 1606.3090611265734]",1,1,722
52163554,"[66, 216]","[9.483915951943203, 1559.578263960207]",1,0,723
20370666,"[99, 225]","[4.726049268656757, 1219.6991242747602]",0,0,724
94532765,"[52, 210]","[4.845755200490763, 1250.0871974485735]",1,1,725
24026554,"[69, 222]","[7.596195366390463, 1116.0470103674277]",1,1,726
97597758,"[18, 299]","[6.811002092858056, 362.1206491717137]",0,1,727
27498225,"[79, 268]","[9.839850183449194, 1145.8576199556044]",0,0,728
53188832,"[54, 239]","[8.38157028283418, 1278.5022145066673]",0,0,729
44153188,"[38, 232]","[1.3893845012872763, 1384.061779564752]",0,1,730
37622975,"[10, 250]","[5.229440099819137, 716.5272739672428]",0,1,731
60332346,"[13, 259]","[6.013449081555612, 1938.0879939864565]",1,0,732
8772186,"[96, 274]","[2.397779915994631, 1703.4564113393635]",1,0,733
18229352,"[61, 223]","[2.319671928647696, 884.0167914475265]",0,0,734
3106261,"[11, 210]","[4.721723092323159, 774.398732646258]",0,0,735
59115705,"[100, 224]","[1.295234950028874, 300.9685835832614]",1,1,736
7678714,"[53, 258]","[2.4650112113791245, 1045.5024352832277]",0,0,737
65207253,"[24, 224]","[3.534929502310211, 287.5285552091895]",1,0,738
38306753,"[77, 243]","[2.111962134895642, 1703.1759446283565]",1,1,739
77682020,"[10, 243]","[8.716331965348322, 161.3849173761792]",1,0,740
47844830,"[86, 299]","[9.094776689929322, 1177.8235851782263]",1,0,741
84579240,"[95, 231]","[3.8590585745085724, 1375.5476397436776]",0,0,742
2753403,"[50, 286]","[2.5262657258550347, 1127.957910222893]",1,0,743
55427801,"[81, 201]","[1.0132554264446736, 1347.054623217545]",1,1,744
94963668,"[52, 238]","[8.85697143059343, 1036.73962861728]",0,1,745
52932744,"[82, 269]","[6.538144611940303, 1190.6453788259093]",1,0,746
42990257,"[78, 253]","[8.17911247308057, 1672.536768185348]",1,1,747
83375030,"[89, 205]","[9.177952057550986, 492.3371049420253]",1,0,748
4740544,"[29, 247]","[8.587091419525759, 1235.8613089049509]",1,0,749
70710033,"[93, 281]","[5.687016694819445, 569.4620868922067]",1,0,750
71787340,"[19, 234]","[6.5548465037438834, 1104.2560793902064]",0,0,751
8162524,"[65, 285]","[6.568989078713202, 962.0470098810958]",1,0,752
1905568,"[19, 203]","[6.453525906747912, 1039.9084933743993]",1,1,753
75275734,"[56, 263]","[2.484326262489296, 24.67820985750091]",1,1,754
13623258,"[36, 271]","[1.3996824733737812, 226.7123736715704]",0,0,755
57186589,"[17, 295]","[9.734651697386173, 1172.8393826085387]",1,0,756
7630194,"[19, 250]","[2.29634673305703, 1385.4169811259146]",1,0,757
67492326,"[58, 295]","[7.946461962232138, 1143.4330914141913]",1,0,758
57617992,"[98, 221]","[3.6809167424896696, 1784.8848013488832]",1,0,759
21136350,"[26, 222]","[8.886116612509944, 427.16014418195283]",1,0,760
75410271,"[78, 219]","[5.884013976023813, 1708.1093698560642]",1,0,761
8803114,"[41, 266]","[8.771435669468701, 1538.1123553553357]",1,0,762
7984069,"[36, 277]","[5.676432928265535, 539.991456974016]",1,0,763
65121405,"[74, 285]","[1.3934462366207878, 819.5572724936146]",1,1,764
94819328,"[45, 268]","[3.20218756775935, 377.5669033196547]",1,1,765
65349874,"[25, 280]","[3.9223900226922126, 1998.8199689109385]",1,1,766
18889821,"[47, 207]","[4.000149226298468, 731.7186128849627]",1,0,767
43523376,"[39, 299]","[3.4876557663120544, 1857.2433354895113]",1,1,768
31778974,"[30, 297]","[9.62074036814271, 1009.4172457908917]",0,1,769
75013843,"[23, 256]","[2.548627077986101, 53.24197411949272]",1,0,770
29508738,"[73, 268]","[2.2625610624582637, 1424.2999340127283]",0,0,771
98708846,"[23, 252]","[1.7406639969682003, 689.4064950634149]",0,1,772
45506074,"[29, 239]","[1.693279116126083, 897.142920096511]",0,1,773
46314869,"[74, 230]","[2.671707156739853, 1123.3717381313793]",0,1,774
59024194,"[37, 225]","[8.237596268561287, 1404.0152133749984]",1,1,775
41315213,"[18, 249]","[7.590384584380848, 1297.6800744326915]",1,1,776
26960001,"[52, 250]","[5.630493271357551, 1917.9360125704775]",0,1,777
84629288,"[82, 251]","[5.814283182761369, 1066.7892556062932]",0,0,778
76903522,"[70, 259]","[4.526672720885715, 1530.6962700636047]",1,0,779
15647851,"[81, 275]","[8.765967481178963, 1454.67087396286]",0,1,780
2722792,"[48, 269]","[5.386013649410614, 1117.5166190796988]",1,1,781
3285387,"[62, 234]","[5.264602346275814, 705.9499538629306]",1,0,782
32239965,"[91, 251]","[2.456111698307619, 400.03901038588816]",1,1,783
64079649,"[58, 208]","[2.7946974271692824, 1349.718237583844]",0,1,784
66118387,"[84, 229]","[7.185020661685719, 387.9958938200041]",1,1,785
40666245,"[13, 262]","[7.620762650360678, 544.4296244599223]",0,1,786
98249006,"[64, 239]","[5.822496247000575, 619.4933544359234]",1,0,787
28490211,"[98, 235]","[3.198522063183775, 1194.3315766396477]",1,1,788
33223704,"[29, 208]","[7.303407022055834, 1054.5755998522504]",1,1,789
21766546,"[25, 226]","[2.5383222098223035, 81.30468949249381]",1,0,790
88608918,"[40, 279]","[0.7843630996737705, 833.101177444429]",0,0,791
46764174,"[100, 240]","[5.2021049964037225, 862.6874607074966]",0,1,792
12300652,"[41, 252]","[8.992866371609612, 33.90741750057713]",1,0,793
3782027,"[45, 250]","[5.8437562443931075, 383.1488457007299]",1,0,794
40487162,"[50, 280]","[8.056454715308465, 1696.4549943008826]",1,1,795
70167523,"[56, 257]","[9.157312843983638, 1356.782490244565]",1,0,796
45052990,"[41, 274]","[2.9643231293627705, 1698.7083895124297]",1,1,797
8112693,"[97, 214]","[5.944835477638132, 1761.4217381143083]",0,0,798
36376053,"[40, 281]","[6.556723576459262, 502.32749868481494]",1,1,799
2035333,"[56, 201]","[9.31712303181882, 1085.2625751904818]",0,1,800
99057821,"[71, 278]","[6.072390517817098, 36.912926232602004]",1,1,801
18068590,"[35, 220]","[6.086040659097938, 931.6379646278039]",1,0,802
9101855,"[43, 203]","[9.686144898323018, 656.698090488155]",0,0,803
42333787,"[59, 273]","[5.537194124192135, 184.0139600983668]",0,1,804
42795616,"[52, 233]","[2.526675693260596, 1974.7558903466243]",1,0,805
49029040,"[100, 265]","[4.326529219223896, 1491.6858598254894]",0,1,806
91110978,"[10, 279]","[6.001845577502175, 870.079775578676]",0,1,807
42716620,"[27, 214]","[2.939629779546303, 741.2944865545339]",1,1,808
76260539,"[15, 201]","[1.0297860160021999, 1936.7778971489147]",1,1,809
90228844,"[16, 204]","[6.3041639775588765, 661.6596860633883]",0,0,810
74188273,"[72, 214]","[3.4751094254896286, 1330.6560951460337]",1,1,811
22820628,"[46, 202]","[1.144517807729405, 696.3973636386744]",0,1,812
16133523,"[63, 254]","[6.682888629001419, 1168.8390255898798]",0,1,813
78295329,"[24, 290]","[0.9169681826375042, 795.8436330250748]",1,1,814
47377033,"[90, 226]","[8.57514538613997, 869.4418992216301]",0,0,815
55632806,"[50, 285]","[2.858032497055473, 1140.8415896787194]",0,1,816
27953180,"[82, 205]","[0.6710077186907126, 741.9000766011848]",1,1,817
62347522,"[78, 215]","[7.6516320579495005, 1440.9985921817101]",0,1,818
46278232,"[95, 295]","[8.009338948819027, 1701.4893167487237]",1,0,819
70478715,"[59, 282]","[3.100505288306924, 901.2197795942218]",1,0,820
32301370,"[90, 282]","[2.476582831286618, 316.4145120347519]",1,0,821
44067461,"[98, 204]","[2.913437350929373, 88.87777951823495]",0,0,822
56886494,"[56, 285]","[1.2793182459331598, 728.3293215340121]",1,0,823
72490447,"[16, 287]","[6.321090808842609, 903.3425288180232]",1,0,824
74005139,"[88, 203]","[1.7925345139555915, 1422.3886450659368]",0,0,825
14815238,"[20, 291]","[7.3578957501123305, 1124.7224491146012]",1,1,826
81706626,"[93, 241]","[2.55076270478669, 196.04354263481326]",0,0,827
38321192,"[71, 255]","[2.385166189950886, 607.2596487604416]",1,1,828
37542696,"[92, 249]","[6.5608029371083205, 702.9670011278049]",0,0,829
91513801,"[89, 240]","[8.768580423952153, 613.7191079634987]",0,0,830
91453308,"[25, 231]","[4.601280474257549, 488.3468874382728]",1,1,831
11696934,"[75, 248]","[7.17152605630519, 384.23027551694446]",1,1,832
34697674,"[65, 232]","[2.4660803814913503, 747.2662427009332]",1,0,833
17557338,"[32, 283]","[6.500812869310534, 425.19595524345056]",0,1,834
48511537,"[92, 254]","[8.4801964407178, 1991.742142165171]",1,0,835
51738371,"[81, 223]","[8.673059414259113, 1457.4878835412596]",1,1,836
40486969,"[92, 291]","[5.676259484652802, 771.8879186789362]",1,0,837
48806100,"[94, 215]","[9.35187313750555, 1468.4914483401033]",1,0,838
27176718,"[57, 263]","[9.600449969274138, 1186.6446916554955]",1,1,839
60134322,"[43, 205]","[3.519498714091731, 1881.162987840055]",1,1,840
30006889,"[74, 273]","[1.738685574109855, 1619.1686092271907]",1,1,841
1058777,"[61, 289]","[6.904870015431612, 1049.0773900979816]",0,1,842
93490996,"[47, 258]","[5.4995165209573145, 744.6468496272607]",0,0,843
75889899,"[20, 258]","[1.189503375622779, 217.04396032393848]",0,1,844
11844894,"[74, 242]","[8.669394576347205, 212.343181250626]",1,0,845
16857375,"[82, 221]","[9.006123737363753, 372.73611420411055]",0,1,846
74041591,"[46, 259]","[0.40620070412275666, 24.903956152430684]",1,1,847
53832064,"[98, 210]","[8.432913475545996, 1683.3917554661173]",1,1,848
30289965,"[54, 238]","[8.133065615784442, 813.865816507215]",1,0,849
27120383,"[80, 209]","[8.710755427135666, 218.35020704276496]",1,0,850
55926478,"[44, 213]","[7.274649002003466, 368.1929600492255]",0,1,851
43200241,"[69, 219]","[9.276034790248744, 1801.6350290474631]",1,0,852
58018571,"[49, 222]","[4.647564448398446, 887.3765709503353]",1,1,853
91377636,"[32, 230]","[0.7134518564874714, 1127.0648118367694]",1,0,854
53262928,"[46, 253]","[2.791066840514891, 1009.8987874128571]",0,1,855
52651535,"[18, 215]","[1.4210034189720933, 20.19563163173177]",0,0,856
44920294,"[26, 287]","[9.08690478979555, 314.61025696286214]",0,1,857
50797086,"[89, 279]","[0.9267407524143456, 1426.9569591185154]",1,1,858
91046315,"[80, 258]","[5.425026780765135, 143.45876222299393]",0,1,859
22803368,"[38, 274]","[5.314442620898964, 1641.163531145506]",1,0,860
75478553,"[65, 207]","[1.8317982848153747, 456.35291801754806]",1,1,861
47197859,"[64, 203]","[8.971297707277698, 568.0441435410798]",1,0,862
73365587,"[71, 292]","[9.794900348708333, 296.30771595573856]",0,0,863
76711663,"[63, 211]","[8.601844764068147, 1626.2156151457987]",0,0,864
90369075,"[57, 287]","[0.6793204952462606, 1882.3634588775224]",1,0,865
22600457,"[85, 279]","[9.68774986203684, 277.17895908715985]",0,0,866
45780058,"[57, 246]","[1.102281300499166, 609.7858980865157]",1,1,867
5554090,"[97, 240]","[4.831506517474722, 142.60655663594557]",1,0,868
79637855,"[74, 231]","[2.871757308880399, 1482.927704986123]",0,1,869
92285390,"[51, 237]","[0.31132064895220357, 959.7311932230044]",1,1,870
20024450,"[79, 220]","[3.3221187492842974, 1348.4032406246863]",0,0,871
66625113,"[10, 219]","[0.38027617280965376, 886.9672080956387]",1,0,872
90711736,"[54, 209]","[6.953615833787669, 1470.795353878362]",0,1,873
7578812,"[33, 218]","[8.109214073866553, 390.4492830459365]",0,1,874
57063689,"[38, 242]","[6.557308901887722, 1869.4992643676512]",0,0,875
8299622,"[49, 221]","[3.6398821399081607, 791.9503306754925]",0,1,876
65977323,"[96, 257]","[7.3296593767606835, 1046.4425878596167]",1,1,877
90512772,"[99, 219]","[7.789129472929948, 1249.8025195543303]",1,1,878
78320158,"[40, 264]","[8.559002600766222, 1138.3674833281732]",1,0,879
35157667,"[99, 263]","[2.2167973668265595, 861.4053755434284]",0,1,880
44549988,"[58, 221]","[4.239213321759125, 1272.8181076654141]",1,1,881
14110962,"[69, 234]","[1.9496973961508057, 644.3353057007735]",1,0,882
31913424,"[43, 300]","[7.73507253252475, 370.56746037593325]",1,1,883
81947138,"[59, 300]","[3.107248610165837, 1868.6170239487697]",1,1,884
94133718,"[57, 286]","[8.080146498221506, 1589.9223336252232]",0,0,885
67718546,"[71, 202]","[0.9765692516988689, 1746.4941999706764]",1,1,886
57946481,"[82, 259]","[2.5297218781308617, 1129.544030929665]",0,1,887
80254249,"[22, 203]","[4.917197341108386, 1654.0924271322694]",1,1,888
53358335,"[78, 210]","[7.641944896416612, 59.8127886155484]",1,0,889
78388732,"[83, 236]","[9.743855998811249, 970.2791413402805]",1,1,890
79837057,"[39, 235]","[9.66367916373658, 849.7590973119811]",1,1,891
56142928,"[83, 204]","[5.525572201319722, 96.97180372333003]",0,0,892
79950169,"[36, 207]","[8.92934357357919, 1874.3337933390471]",0,1,893
59348350,"[66, 245]","[3.4519860775934816, 707.5548712780854]",1,1,894
65998714,"[34, 204]","[0.3891782047596426, 259.8475941585687]",1,0,895
91298879,"[57, 265]","[9.858526102654936, 1427.6701090893246]",1,0,896
35798461,"[35, 263]","[2.403980375870977, 389.78206341251376]",1,0,897
43359838,"[32, 293]","[6.4882904124103735, 1065.6696035162427]",0,0,898
84736411,"[98, 268]","[5.2137964201519535, 1650.850088236053]",1,0,899
26417559,"[46, 223]","[3.9598577258374767, 817.1742077977198]",1,0,900
31458747,"[32, 242]","[0.05562507009563178, 1198.2160962322957]",1,0,901
47663007,"[58, 221]","[6.518364537071699, 1273.3468117132406]",0,0,902
56135739,"[32, 229]","[1.7255091642255882, 1507.3514621523757]",0,1,903
37774348,"[33, 218]","[7.650085828153288, 984.3639882519153]",1,0,904
12296351,"[91, 248]","[4.247594334317669, 156.41321971884082]",1,1,905
1618920,"[71, 263]","[8.991978376721319, 982.3764857378238]",0,0,906
30033734,"[15, 287]","[4.161826950280147, 916.8132992678553]",0,0,907
3501312,"[12, 201]","[7.379825579540615, 1468.150181807504]",0,0,908
45299805,"[35, 214]","[3.8622906897547415, 1512.2007870815874]",1,1,909
68863661,"[81, 289]","[7.609034447012029, 239.27915585329163]",0,1,910
4435684,"[58, 297]","[6.336329030406382, 302.0161875695988]",0,0,911
37933473,"[63, 294]","[9.825495837059506, 382.9035377925374]",1,0,912
85075168,"[10, 274]","[8.882346165833546, 487.4490414039046]",1,1,913
48922837,"[43, 284]","[4.091334651061974, 928.7967642402153]",1,1,914
69296420,"[88, 218]","[7.381303994893091, 1818.4491470259352]",0,1,915
37820471,"[24, 232]","[4.999241414683484, 559.0740415438615]",0,0,916
20069547,"[74, 226]","[5.407194149267136, 893.0553994446595]",1,1,917
69499512,"[18, 270]","[3.249815457867106, 609.7284108903896]",1,0,918
65934532,"[85, 288]","[2.7212608160534115, 723.047197768796]",0,0,919
26855993,"[96, 277]","[2.9150626741301435, 1107.3663195460288]",1,1,920
66143695,"[30, 200]","[6.538756825702312, 732.2638620041774]",1,0,921
88874269,"[75, 282]","[8.323467132864533, 30.39829826897167]",1,0,922
60057916,"[13, 249]","[0.8408595512179418, 1000.2864073879281]",0,0,923
29210338,"[66, 219]","[5.367008344397199, 88.78099997911204]",0,1,924
35702776,"[65, 209]","[2.438977652812102, 137.0533909419056]",1,1,925
4355418,"[30, 299]","[2.844272362908593, 59.18265774086851]",1,1,926
95648309,"[42, 266]","[6.286469556839588, 107.22064773816764]",1,0,927
36138975,"[91, 274]","[4.276037781160146, 147.9257405699699]",0,1,928
13620152,"[86, 276]","[6.606987876408609, 470.57613424620956]",0,0,929
14780023,"[100, 201]","[0.9101715312436931, 1023.8536854942856]",0,1,930
30701379,"[66, 298]","[4.7030011353617205, 392.1277683910878]",0,0,931
50072313,"[98, 288]","[1.0914162179458309, 522.5765480707867]",1,0,932
32143953,"[98, 218]","[2.910227657051019, 679.1370601581008]",1,1,933
92434809,"[23, 277]","[8.569375701624843, 1508.4114365631856]",0,1,934
51927518,"[45, 210]","[4.541892515434168, 179.99995333680928]",0,0,935
76918400,"[88, 255]","[4.293598357658201, 1701.065954810161]",1,1,936
96468567,"[96, 288]","[1.5047537201682881, 1913.4442714328743]",1,0,937
86215989,"[37, 235]","[3.3166101850160343, 91.81009210253244]",0,1,938
18009582,"[28, 227]","[9.280620994091795, 785.4186729253265]",0,1,939
40926498,"[64, 234]","[1.2661916911602489, 1830.8377428755764]",1,1,940
81689038,"[95, 298]","[9.241331872517422, 213.3029320034816]",1,0,941
67757998,"[59, 231]","[7.909832722006181, 1821.3066568005127]",1,1,942
1467039,"[92, 211]","[8.57905808447091, 1800.5058014755634]",1,1,943
34481381,"[74, 272]","[2.326846141692048, 952.2188233212922]",0,0,944
22119612,"[97, 228]","[4.637445453057769, 1167.6019785813712]",0,1,945
36203070,"[14, 299]","[5.291435730532438, 789.9733079623932]",1,0,946
52879870,"[78, 217]","[7.07414693070966, 491.58059991767965]",1,0,947
77823530,"[22, 278]","[9.223816054467214, 779.6230545222653]",1,0,948
89077425,"[60, 202]","[6.809865917676088, 1176.2894803734202]",0,0,949
70662081,"[93, 293]","[3.85969028081957, 0.8864983961469619]",1,0,950
39341444,"[10, 255]","[2.3681314303327317, 536.6455169103853]",1,0,951
20784083,"[95, 244]","[7.1561544926747835, 328.9963862856147]",0,1,952
47981267,"[76, 234]","[8.381639597178987, 1360.9061742652093]",1,1,953
27928869,"[64, 279]","[5.724469266795035, 1729.166463577301]",0,1,954
47022869,"[77, 280]","[9.331004343382743, 389.1616182801796]",1,0,955
79878956,"[49, 278]","[8.631395579643065, 1290.1985440375436]",0,1,956
54012187,"[59, 288]","[9.356552906355924, 451.7370365540199]",0,0,957
59729120,"[49, 238]","[8.908895700534496, 1434.2264829043174]",1,0,958
12105480,"[28, 229]","[0.1278299139633221, 1023.5666753248531]",1,1,959
73700251,"[10, 231]","[0.3246050082047791, 1159.389759204939]",0,0,960
64611038,"[84, 296]","[8.989850329251432, 1025.8483858993416]",1,0,961
77420837,"[62, 206]","[4.795883497114247, 89.76124991397083]",0,1,962
88214274,"[59, 266]","[4.497610983027753, 37.05285995960139]",1,1,963
30741482,"[36, 288]","[1.5153291415082826, 1318.5789172069235]",0,0,964
99301038,"[18, 257]","[5.832897926791183, 54.692390488949584]",1,0,965
90518394,"[48, 283]","[3.5106168034733463, 1414.404046117196]",1,0,966
71806294,"[76, 231]","[5.704949472707836, 637.8566371937078]",0,0,967
98104225,"[96, 245]","[8.318415991386054, 1216.9630521040451]",0,1,968
91955976,"[20, 264]","[7.905931549972446, 899.3776551260835]",1,1,969
42384330,"[30, 260]","[4.598697827531683, 912.4056991261702]",1,0,970
3367199,"[73, 295]","[8.276171891352021, 453.9493696138035]",0,0,971
98543153,"[64, 221]","[4.1356804162125735, 1815.9282781480742]",1,0,972
24207628,"[36, 262]","[1.11064160239022, 298.99563464153476]",0,0,973
37583099,"[81, 277]","[7.6166475820577855, 161.8517746751753]",0,1,974
57952941,"[69, 266]","[2.4757350319345104, 1938.7750922845935]",0,1,975
75850172,"[50, 272]","[4.823006405870559, 1701.2747464608124]",1,0,976
38248304,"[84, 271]","[0.6836959036303325, 1173.5773018757602]",0,1,977
18072025,"[61, 248]","[7.999288878344109, 621.6965366623792]",0,1,978
21713202,"[23, 289]","[1.8999685674382527, 7.6525169800985005]",0,0,979
39271255,"[53, 245]","[0.8559475567574737, 652.6174065560629]",1,1,980
66938313,"[64, 238]","[9.490554513158212, 701.919261286593]",0,0,981
5413162,"[54, 278]","[0.9994795854895744, 1519.9552297608452]",1,1,982
8944754,"[76, 217]","[2.319390613202655, 540.7791743577505]",1,0,983
13618794,"[71, 219]","[0.7625855140681204, 1980.6924637705192]",0,0,984
37602634,"[64, 278]","[6.1554681537982425, 1910.5077891860003]",0,0,985
69153267,"[23, 240]","[5.803315187623626, 1166.7945123114553]",1,0,986
30445969,"[66, 232]","[2.9208711240127574, 74.33667222421802]",1,0,987
56794869,"[56, 277]","[3.674248913930084, 795.5952259516752]",1,0,988
67975697,"[99, 229]","[4.6777242933192635, 750.1555248038175]",1,1,989
69460016,"[30, 291]","[7.113930452008466, 1627.5410497689459]",0,0,990
39345827,"[20, 290]","[5.181027640734719, 193.19496551813242]",1,1,991
74780519,"[57, 225]","[5.148611064067687, 1711.0022201302054]",0,0,992
37774394,"[58, 209]","[6.4846649450494205, 604.754037153451]",0,1,993
52614489,"[50, 226]","[8.062970324837536, 143.03324351790536]",1,1,994
87095250,"[30, 202]","[8.604962517372929, 830.3876275191404]",0,1,995
15823269,"[15, 292]","[9.051344293880758, 867.5854277403004]",1,0,996
37451013,"[70, 250]","[0.4214429922410845, 163.89009599979]",0,0,997
44034545,"[72, 242]","[8.222930254721824, 1463.1290476501986]",1,0,998
75593376,"[36, 271]","[2.749474979213611, 1557.1128272183632]",0,1,999
