origin_id,esdate,regcap,entstatus,enttype,country,industryphy,industryco,province,empnum,citycode
85634252,20211031,1000.0,A01,B01,C01,D01,E01,42.0,5.0,10.0
86143897,20211031,1000.0,A01,B01,C01,D01,E01,42.0,5.0,10.0
62508360,20211031,1000.0,A01,B01,C01,D01,E01,42.0,5.0,10.0
72883533,20211031,1000.0,A01,B01,C01,D01,E01,42.0,5.0,10.0
85506287,20211031,1000.0,A01,B01,C01,D01,E01,42.0,5.0,10.0
55182740,20211031,1000.0,A01,B01,C01,D01,E01,42.0,5.0,10.0
98280332,20211031,1000.0,A01,B01,C01,D01,E01,42.0,5.0,10.0
18203025,20211031,1000.0,A01,B01,C01,D01,E01,42.0,5.0,10.0
31824718,20211031,1000.0,A01,B01,C01,D01,E01,42.0,5.0,10.0
91539636,20211031,1000.0,A01,B01,C01,D01,E01,42.0,5.0,10.0
61229605,20211031,1000.0,A01,B01,C01,D01,E01,42.0,5.0,10.0
91611215,20211031,1000.0,A01,B01,C01,D01,E01,42.0,5.0,10.0
18764772,20211031,1000.0,A01,B01,C01,D01,E01,42.0,5.0,10.0
73422138,20211031,1000.0,A01,B01,C01,D01,E01,42.0,5.0,10.0
78010500,20211031,1000.0,A01,B01,C01,D01,E01,42.0,5.0,10.0
96365107,20211031,1000.0,A01,B01,C01,D01,E01,42.0,5.0,10.0
73953635,20211031,1000.0,A01,B01,C01,D01,E01,42.0,5.0,10.0
99351939,20211031,1000.0,A01,B01,C01,D01,E01,42.0,5.0,10.0
95463441,20211031,1000.0,A01,B01,C01,D01,E01,42.0,5.0,10.0
86198845,20211031,1000.0,A01,B01,C01,D01,E01,42.0,5.0,10.0
17287080,20211031,1000.0,A01,B01,C01,D01,E01,42.0,5.0,10.0
73696441,20211031,1000.0,A01,B01,C01,D01,E01,42.0,5.0,10.0
79606521,20211031,1000.0,A01,B01,C01,D01,E01,42.0,5.0,10.0
95153062,20211031,1000.0,A01,B01,C01,D01,E01,42.0,5.0,10.0
29547242,20211031,1000.0,A01,B01,C01,D01,E01,42.0,5.0,10.0
75033688,20211031,1000.0,A01,B01,C01,D01,E01,42.0,5.0,10.0
81227891,20211031,1000.0,A01,B01,C01,D01,E01,42.0,5.0,10.0
93490592,20211031,1000.0,A01,B01,C01,D01,E01,42.0,5.0,10.0
59071361,20211031,1000.0,A01,B01,C01,D01,E01,42.0,5.0,10.0
51393446,20211031,1000.0,A01,B01,C01,D01,E01,42.0,5.0,10.0
56626757,20211031,1000.0,A01,B01,C01,D01,E01,42.0,5.0,10.0
74345801,20211031,1000.0,A01,B01,C01,D01,E01,42.0,5.0,10.0
73099558,20211031,1000.0,A01,B01,C01,D01,E01,42.0,5.0,10.0
90430454,20211031,1000.0,A01,B01,C01,D01,E01,42.0,5.0,10.0
5853950,20211031,1000.0,A01,B01,C01,D01,E01,42.0,5.0,10.0
67645135,20211031,1000.0,A01,B01,C01,D01,E01,42.0,5.0,10.0
21115640,20211031,1000.0,A01,B01,C01,D01,E01,42.0,5.0,10.0
7733802,20211031,1000.0,A01,B01,C01,D01,E01,42.0,5.0,10.0
31107120,20211031,1000.0,A01,B01,C01,D01,E01,42.0,5.0,10.0
98423772,20211031,1000.0,A01,B01,C01,D01,E01,42.0,5.0,10.0
51223342,20211031,1000.0,A01,B01,C01,D01,E01,42.0,5.0,10.0
18463157,20211031,1000.0,A01,B01,C01,D01,E01,42.0,5.0,10.0
20756767,20211031,1000.0,A01,B01,C01,D01,E01,42.0,5.0,10.0
41451464,20211031,1000.0,A01,B01,C01,D01,E01,42.0,5.0,10.0
66335041,20211031,1000.0,A01,B01,C01,D01,E01,42.0,5.0,10.0
31520365,20211031,1000.0,A01,B01,C01,D01,E01,42.0,5.0,10.0
98571925,20211031,1000.0,A01,B01,C01,D01,E01,42.0,5.0,10.0
10694337,20211031,1000.0,A01,B01,C01,D01,E01,42.0,5.0,10.0
57701748,20211031,1000.0,A01,B01,C01,D01,E01,42.0,5.0,10.0
49078377,20211031,1000.0,A01,B01,C01,D01,E01,42.0,5.0,10.0
63965515,20211031,1000.0,A01,B01,C01,D01,E01,42.0,5.0,10.0
63559877,20211031,1000.0,A01,B01,C01,D01,E01,42.0,5.0,10.0
40515932,20211031,1000.0,A01,B01,C01,D01,E01,42.0,5.0,10.0
36674503,20211031,1000.0,A01,B01,C01,D01,E01,42.0,5.0,10.0
18047370,20211031,1000.0,A01,B01,C01,D01,E01,42.0,5.0,10.0
31146018,20211031,1000.0,A01,B01,C01,D01,E01,42.0,5.0,10.0
67802809,20211031,1000.0,A01,B01,C01,D01,E01,42.0,5.0,10.0
40228913,20211031,1000.0,A01,B01,C01,D01,E01,42.0,5.0,10.0
29450849,20211031,1000.0,A01,B01,C01,D01,E01,42.0,5.0,10.0
13588140,20211031,1000.0,A01,B01,C01,D01,E01,42.0,5.0,10.0
46780709,20211031,1000.0,A01,B01,C01,D01,E01,42.0,5.0,10.0
35312721,20211031,1000.0,A01,B01,C01,D01,E01,42.0,5.0,10.0
40641501,20211031,1000.0,A01,B01,C01,D01,E01,42.0,5.0,10.0
11362907,20211031,1000.0,A01,B01,C01,D01,E01,42.0,5.0,10.0
43731767,20211031,1000.0,A01,B01,C01,D01,E01,42.0,5.0,10.0
18770728,20211031,1000.0,A01,B01,C01,D01,E01,42.0,5.0,10.0
75483667,20211031,1000.0,A01,B01,C01,D01,E01,42.0,5.0,10.0
96067012,20211031,1000.0,A01,B01,C01,D01,E01,42.0,5.0,10.0
13727596,20211031,1000.0,A01,B01,C01,D01,E01,42.0,5.0,10.0
70919399,20211031,1000.0,A01,B01,C01,D01,E01,42.0,5.0,10.0
36110397,20211031,1000.0,A01,B01,C01,D01,E01,42.0,5.0,10.0
62295681,20211031,1000.0,A01,B01,C01,D01,E01,42.0,5.0,10.0
58336122,20211031,1000.0,A01,B01,C01,D01,E01,42.0,5.0,10.0
93918643,20211031,1000.0,A01,B01,C01,D01,E01,42.0,5.0,10.0
27952786,20211031,1000.0,A01,B01,C01,D01,E01,42.0,5.0,10.0
40380082,20211031,1000.0,A01,B01,C01,D01,E01,42.0,5.0,10.0
68920491,20211031,1000.0,A01,B01,C01,D01,E01,42.0,5.0,10.0
68692189,20211031,1000.0,A01,B01,C01,D01,E01,42.0,5.0,10.0
70983004,20211031,1000.0,A01,B01,C01,D01,E01,42.0,5.0,10.0
42254850,20211031,1000.0,A01,B01,C01,D01,E01,42.0,5.0,10.0
56556431,20211031,1000.0,A01,B01,C01,D01,E01,42.0,5.0,10.0
68986527,20211031,1000.0,A01,B01,C01,D01,E01,42.0,5.0,10.0
61296415,20211031,1000.0,A01,B01,C01,D01,E01,42.0,5.0,10.0
10297694,20211031,1000.0,A01,B01,C01,D01,E01,42.0,5.0,10.0
57514371,20211031,1000.0,A01,B01,C01,D01,E01,42.0,5.0,10.0
28516661,20211031,1000.0,A01,B01,C01,D01,E01,42.0,5.0,10.0
8383150,20211031,1000.0,A01,B01,C01,D01,E01,42.0,5.0,10.0
35803587,20211031,1000.0,A01,B01,C01,D01,E01,42.0,5.0,10.0
22217366,20211031,1000.0,A01,B01,C01,D01,E01,42.0,5.0,10.0
94658761,20211031,1000.0,A01,B01,C01,D01,E01,42.0,5.0,10.0
18893070,20211031,1000.0,A01,B01,C01,D01,E01,42.0,5.0,10.0
25809596,20211031,1000.0,A01,B01,C01,D01,E01,42.0,5.0,10.0
90233535,20211031,1000.0,A01,B01,C01,D01,E01,42.0,5.0,10.0
55741106,20211031,1000.0,A01,B01,C01,D01,E01,42.0,5.0,10.0
80204676,20211031,1000.0,A01,B01,C01,D01,E01,42.0,5.0,10.0
92010362,20211031,1000.0,A01,B01,C01,D01,E01,42.0,5.0,10.0
89955490,20211031,1000.0,A01,B01,C01,D01,E01,42.0,5.0,10.0
57057530,20211031,1000.0,A01,B01,C01,D01,E01,42.0,5.0,10.0
50937583,20211031,1000.0,A01,B01,C01,D01,E01,42.0,5.0,10.0
26555355,20211031,1000.0,A01,B01,C01,D01,E01,42.0,5.0,10.0
75085287,20211031,1000.0,A01,B01,C01,D01,E01,42.0,5.0,10.0
5984696,20211031,1000.0,A01,B01,C01,D01,E01,42.0,5.0,10.0
2530370,20211031,1000.0,A01,B01,C01,D01,E01,42.0,5.0,10.0
56011104,20211031,1000.0,A01,B01,C01,D01,E01,42.0,5.0,10.0
40486866,20211031,1000.0,A01,B01,C01,D01,E01,42.0,5.0,10.0
24871513,20211031,1000.0,A01,B01,C01,D01,E01,42.0,5.0,10.0
45274356,20211031,1000.0,A01,B01,C01,D01,E01,42.0,5.0,10.0
46333399,20211031,1000.0,A01,B01,C01,D01,E01,42.0,5.0,10.0
20268165,20211031,1000.0,A01,B01,C01,D01,E01,42.0,5.0,10.0
91483642,20211031,1000.0,A01,B01,C01,D01,E01,42.0,5.0,10.0
68607030,20211031,1000.0,A01,B01,C01,D01,E01,42.0,5.0,10.0
66961566,20211031,1000.0,A01,B01,C01,D01,E01,42.0,5.0,10.0
28485269,20211031,1000.0,A01,B01,C01,D01,E01,42.0,5.0,10.0
16384919,20211031,1000.0,A01,B01,C01,D01,E01,42.0,5.0,10.0
25723014,20211031,1000.0,A01,B01,C01,D01,E01,42.0,5.0,10.0
69214312,20211031,1000.0,A01,B01,C01,D01,E01,42.0,5.0,10.0
63105010,20211031,1000.0,A01,B01,C01,D01,E01,42.0,5.0,10.0
19335029,20211031,1000.0,A01,B01,C01,D01,E01,42.0,5.0,10.0
38643000,20211031,1000.0,A01,B01,C01,D01,E01,42.0,5.0,10.0
52669852,20211031,1000.0,A01,B01,C01,D01,E01,42.0,5.0,10.0
98378496,20211031,1000.0,A01,B01,C01,D01,E01,42.0,5.0,10.0
31840240,20211031,1000.0,A01,B01,C01,D01,E01,42.0,5.0,10.0
23234376,20211031,1000.0,A01,B01,C01,D01,E01,42.0,5.0,10.0
48357163,20211031,1000.0,A01,B01,C01,D01,E01,42.0,5.0,10.0
24908625,20211031,1000.0,A01,B01,C01,D01,E01,42.0,5.0,10.0
27866384,20211031,1000.0,A01,B01,C01,D01,E01,42.0,5.0,10.0
56581181,20211031,1000.0,A01,B01,C01,D01,E01,42.0,5.0,10.0
41372708,20211031,1000.0,A01,B01,C01,D01,E01,42.0,5.0,10.0
1356835,20211031,1000.0,A01,B01,C01,D01,E01,42.0,5.0,10.0
5750662,20211031,1000.0,A01,B01,C01,D01,E01,42.0,5.0,10.0
57899435,20211031,1000.0,A01,B01,C01,D01,E01,42.0,5.0,10.0
27402171,20211031,1000.0,A01,B01,C01,D01,E01,42.0,5.0,10.0
97354792,20211031,1000.0,A01,B01,C01,D01,E01,42.0,5.0,10.0
22917596,20211031,1000.0,A01,B01,C01,D01,E01,42.0,5.0,10.0
10557084,20211031,1000.0,A01,B01,C01,D01,E01,42.0,5.0,10.0
3912027,20211031,1000.0,A01,B01,C01,D01,E01,42.0,5.0,10.0
43856074,20211031,1000.0,A01,B01,C01,D01,E01,42.0,5.0,10.0
45839247,20211031,1000.0,A01,B01,C01,D01,E01,42.0,5.0,10.0
51986577,20211031,1000.0,A01,B01,C01,D01,E01,42.0,5.0,10.0
37097757,20211031,1000.0,A01,B01,C01,D01,E01,42.0,5.0,10.0
70052585,20211031,1000.0,A01,B01,C01,D01,E01,42.0,5.0,10.0
2060106,20211031,1000.0,A01,B01,C01,D01,E01,42.0,5.0,10.0
53951419,20211031,1000.0,A01,B01,C01,D01,E01,42.0,5.0,10.0
57871687,20211031,1000.0,A01,B01,C01,D01,E01,42.0,5.0,10.0
56263795,20211031,1000.0,A01,B01,C01,D01,E01,42.0,5.0,10.0
77220873,20211031,1000.0,A01,B01,C01,D01,E01,42.0,5.0,10.0
49267308,20211031,1000.0,A01,B01,C01,D01,E01,42.0,5.0,10.0
52782485,20211031,1000.0,A01,B01,C01,D01,E01,42.0,5.0,10.0
65025018,20211031,1000.0,A01,B01,C01,D01,E01,42.0,5.0,10.0
55881752,20211031,1000.0,A01,B01,C01,D01,E01,42.0,5.0,10.0
17291348,20211031,1000.0,A01,B01,C01,D01,E01,42.0,5.0,10.0
7077999,20211031,1000.0,A01,B01,C01,D01,E01,42.0,5.0,10.0
70971988,20211031,1000.0,A01,B01,C01,D01,E01,42.0,5.0,10.0
93516836,20211031,1000.0,A01,B01,C01,D01,E01,42.0,5.0,10.0
52884794,20211031,1000.0,A01,B01,C01,D01,E01,42.0,5.0,10.0
86931192,20211031,1000.0,A01,B01,C01,D01,E01,42.0,5.0,10.0
50960045,20211031,1000.0,A01,B01,C01,D01,E01,42.0,5.0,10.0
50978393,20211031,1000.0,A01,B01,C01,D01,E01,42.0,5.0,10.0
20818552,20211031,1000.0,A01,B01,C01,D01,E01,42.0,5.0,10.0
51310197,20211031,1000.0,A01,B01,C01,D01,E01,42.0,5.0,10.0
80229649,20211031,1000.0,A01,B01,C01,D01,E01,42.0,5.0,10.0
23384883,20211031,1000.0,A01,B01,C01,D01,E01,42.0,5.0,10.0
60362229,20211031,1000.0,A01,B01,C01,D01,E01,42.0,5.0,10.0
3355211,20211031,1000.0,A01,B01,C01,D01,E01,42.0,5.0,10.0
59726120,20211031,1000.0,A01,B01,C01,D01,E01,42.0,5.0,10.0
27410436,20211031,1000.0,A01,B01,C01,D01,E01,42.0,5.0,10.0
30599296,20211031,1000.0,A01,B01,C01,D01,E01,42.0,5.0,10.0
13685033,20211031,1000.0,A01,B01,C01,D01,E01,42.0,5.0,10.0
57616772,20211031,1000.0,A01,B01,C01,D01,E01,42.0,5.0,10.0
61204358,20211031,1000.0,A01,B01,C01,D01,E01,42.0,5.0,10.0
68330823,20211031,1000.0,A01,B01,C01,D01,E01,42.0,5.0,10.0
91833240,20211031,1000.0,A01,B01,C01,D01,E01,42.0,5.0,10.0
57303434,20211031,1000.0,A01,B01,C01,D01,E01,42.0,5.0,10.0
14812650,20211031,1000.0,A01,B01,C01,D01,E01,42.0,5.0,10.0
68780466,20211031,1000.0,A01,B01,C01,D01,E01,42.0,5.0,10.0
27712783,20211031,1000.0,A01,B01,C01,D01,E01,42.0,5.0,10.0
31501038,20211031,1000.0,A01,B01,C01,D01,E01,42.0,5.0,10.0
33297132,20211031,1000.0,A01,B01,C01,D01,E01,42.0,5.0,10.0
1195942,20211031,1000.0,A01,B01,C01,D01,E01,42.0,5.0,10.0
33220064,20211031,1000.0,A01,B01,C01,D01,E01,42.0,5.0,10.0
19391323,20211031,1000.0,A01,B01,C01,D01,E01,42.0,5.0,10.0
83832488,20211031,1000.0,A01,B01,C01,D01,E01,42.0,5.0,10.0
8693754,20211031,1000.0,A01,B01,C01,D01,E01,42.0,5.0,10.0
93777472,20211031,1000.0,A01,B01,C01,D01,E01,42.0,5.0,10.0
1740252,20211031,1000.0,A01,B01,C01,D01,E01,42.0,5.0,10.0
13464414,20211031,1000.0,A01,B01,C01,D01,E01,42.0,5.0,10.0
91412744,20211031,1000.0,A01,B01,C01,D01,E01,42.0,5.0,10.0
69942708,20211031,1000.0,A01,B01,C01,D01,E01,42.0,5.0,10.0
62325005,20211031,1000.0,A01,B01,C01,D01,E01,42.0,5.0,10.0
91274177,20211031,1000.0,A01,B01,C01,D01,E01,42.0,5.0,10.0
11852755,20211031,1000.0,A01,B01,C01,D01,E01,42.0,5.0,10.0
25327758,20211031,1000.0,A01,B01,C01,D01,E01,42.0,5.0,10.0
44780972,20211031,1000.0,A01,B01,C01,D01,E01,42.0,5.0,10.0
39376211,20211031,1000.0,A01,B01,C01,D01,E01,42.0,5.0,10.0
8175831,20211031,1000.0,A01,B01,C01,D01,E01,42.0,5.0,10.0
88524690,20211031,1000.0,A01,B01,C01,D01,E01,42.0,5.0,10.0
46695055,20211031,1000.0,A01,B01,C01,D01,E01,42.0,5.0,10.0
9901689,20211031,1000.0,A01,B01,C01,D01,E01,42.0,5.0,10.0
88404888,20211031,1000.0,A01,B01,C01,D01,E01,42.0,5.0,10.0
14398967,20211031,1000.0,A01,B01,C01,D01,E01,42.0,5.0,10.0
36858623,20211031,1000.0,A01,B01,C01,D01,E01,42.0,5.0,10.0
96366532,20211031,1000.0,A01,B01,C01,D01,E01,42.0,5.0,10.0
65133803,20211031,1000.0,A01,B01,C01,D01,E01,42.0,5.0,10.0
52998304,20211031,1000.0,A01,B01,C01,D01,E01,42.0,5.0,10.0
34872913,20211031,1000.0,A01,B01,C01,D01,E01,42.0,5.0,10.0
58073310,20211031,1000.0,A01,B01,C01,D01,E01,42.0,5.0,10.0
94106030,20211031,1000.0,A01,B01,C01,D01,E01,42.0,5.0,10.0
61039156,20211031,1000.0,A01,B01,C01,D01,E01,42.0,5.0,10.0
42523283,20211031,1000.0,A01,B01,C01,D01,E01,42.0,5.0,10.0
47357817,20211031,1000.0,A01,B01,C01,D01,E01,42.0,5.0,10.0
6902281,20211031,1000.0,A01,B01,C01,D01,E01,42.0,5.0,10.0
16318738,20211031,1000.0,A01,B01,C01,D01,E01,42.0,5.0,10.0
45167728,20211031,1000.0,A01,B01,C01,D01,E01,42.0,5.0,10.0
72603326,20211031,1000.0,A01,B01,C01,D01,E01,42.0,5.0,10.0
8710793,20211031,1000.0,A01,B01,C01,D01,E01,42.0,5.0,10.0
38722955,20211031,1000.0,A01,B01,C01,D01,E01,42.0,5.0,10.0
89100001,20211031,1000.0,A01,B01,C01,D01,E01,42.0,5.0,10.0
98831516,20211031,1000.0,A01,B01,C01,D01,E01,42.0,5.0,10.0
40695972,20211031,1000.0,A01,B01,C01,D01,E01,42.0,5.0,10.0
66736711,20211031,1000.0,A01,B01,C01,D01,E01,42.0,5.0,10.0
53845671,20211031,1000.0,A01,B01,C01,D01,E01,42.0,5.0,10.0
52051399,20211031,1000.0,A01,B01,C01,D01,E01,42.0,5.0,10.0
99250304,20211031,1000.0,A01,B01,C01,D01,E01,42.0,5.0,10.0
31184430,20211031,1000.0,A01,B01,C01,D01,E01,42.0,5.0,10.0
45499241,20211031,1000.0,A01,B01,C01,D01,E01,42.0,5.0,10.0
47071518,20211031,1000.0,A01,B01,C01,D01,E01,42.0,5.0,10.0
35080194,20211031,1000.0,A01,B01,C01,D01,E01,42.0,5.0,10.0
51094488,20211031,1000.0,A01,B01,C01,D01,E01,42.0,5.0,10.0
10820488,20211031,1000.0,A01,B01,C01,D01,E01,42.0,5.0,10.0
96337383,20211031,1000.0,A01,B01,C01,D01,E01,42.0,5.0,10.0
16255469,20211031,1000.0,A01,B01,C01,D01,E01,42.0,5.0,10.0
5690467,20211031,1000.0,A01,B01,C01,D01,E01,42.0,5.0,10.0
45326656,20211031,1000.0,A01,B01,C01,D01,E01,42.0,5.0,10.0
62693492,20211031,1000.0,A01,B01,C01,D01,E01,42.0,5.0,10.0
33535335,20211031,1000.0,A01,B01,C01,D01,E01,42.0,5.0,10.0
63514877,20211031,1000.0,A01,B01,C01,D01,E01,42.0,5.0,10.0
71428421,20211031,1000.0,A01,B01,C01,D01,E01,42.0,5.0,10.0
51703877,20211031,1000.0,A01,B01,C01,D01,E01,42.0,5.0,10.0
79274490,20211031,1000.0,A01,B01,C01,D01,E01,42.0,5.0,10.0
25923698,20211031,1000.0,A01,B01,C01,D01,E01,42.0,5.0,10.0
5993527,20211031,1000.0,A01,B01,C01,D01,E01,42.0,5.0,10.0
23383243,20211031,1000.0,A01,B01,C01,D01,E01,42.0,5.0,10.0
65394187,20211031,1000.0,A01,B01,C01,D01,E01,42.0,5.0,10.0
5910888,20211031,1000.0,A01,B01,C01,D01,E01,42.0,5.0,10.0
72866661,20211031,1000.0,A01,B01,C01,D01,E01,42.0,5.0,10.0
91858045,20211031,1000.0,A01,B01,C01,D01,E01,42.0,5.0,10.0
87912003,20211031,1000.0,A01,B01,C01,D01,E01,42.0,5.0,10.0
42233067,20211031,1000.0,A01,B01,C01,D01,E01,42.0,5.0,10.0
99720713,20211031,1000.0,A01,B01,C01,D01,E01,42.0,5.0,10.0
15177236,20211031,1000.0,A01,B01,C01,D01,E01,42.0,5.0,10.0
74548654,20211031,1000.0,A01,B01,C01,D01,E01,42.0,5.0,10.0
31664255,20211031,1000.0,A01,B01,C01,D01,E01,42.0,5.0,10.0
66717050,20211031,1000.0,A01,B01,C01,D01,E01,42.0,5.0,10.0
13857148,20211031,1000.0,A01,B01,C01,D01,E01,42.0,5.0,10.0
65688446,20211031,1000.0,A01,B01,C01,D01,E01,42.0,5.0,10.0
41293120,20211031,1000.0,A01,B01,C01,D01,E01,42.0,5.0,10.0
56202252,20211031,1000.0,A01,B01,C01,D01,E01,42.0,5.0,10.0
54737719,20211031,1000.0,A01,B01,C01,D01,E01,42.0,5.0,10.0
34297417,20211031,1000.0,A01,B01,C01,D01,E01,42.0,5.0,10.0
35144728,20211031,1000.0,A01,B01,C01,D01,E01,42.0,5.0,10.0
26996372,20211031,1000.0,A01,B01,C01,D01,E01,42.0,5.0,10.0
94120065,20211031,1000.0,A01,B01,C01,D01,E01,42.0,5.0,10.0
23745026,20211031,1000.0,A01,B01,C01,D01,E01,42.0,5.0,10.0
27507043,20211031,1000.0,A01,B01,C01,D01,E01,42.0,5.0,10.0
89660514,20211031,1000.0,A01,B01,C01,D01,E01,42.0,5.0,10.0
96007668,20211031,1000.0,A01,B01,C01,D01,E01,42.0,5.0,10.0
46145472,20211031,1000.0,A01,B01,C01,D01,E01,42.0,5.0,10.0
58685182,20211031,1000.0,A01,B01,C01,D01,E01,42.0,5.0,10.0
50447883,20211031,1000.0,A01,B01,C01,D01,E01,42.0,5.0,10.0
86295256,20211031,1000.0,A01,B01,C01,D01,E01,42.0,5.0,10.0
31303766,20211031,1000.0,A01,B01,C01,D01,E01,42.0,5.0,10.0
96842086,20211031,1000.0,A01,B01,C01,D01,E01,42.0,5.0,10.0
79841776,20211031,1000.0,A01,B01,C01,D01,E01,42.0,5.0,10.0
9034827,20211031,1000.0,A01,B01,C01,D01,E01,42.0,5.0,10.0
13382034,20211031,1000.0,A01,B01,C01,D01,E01,42.0,5.0,10.0
80397737,20211031,1000.0,A01,B01,C01,D01,E01,42.0,5.0,10.0
52309191,20211031,1000.0,A01,B01,C01,D01,E01,42.0,5.0,10.0
70723339,20211031,1000.0,A01,B01,C01,D01,E01,42.0,5.0,10.0
57849437,20211031,1000.0,A01,B01,C01,D01,E01,42.0,5.0,10.0
22517280,20211031,1000.0,A01,B01,C01,D01,E01,42.0,5.0,10.0
76863896,20211031,1000.0,A01,B01,C01,D01,E01,42.0,5.0,10.0
88384564,20211031,1000.0,A01,B01,C01,D01,E01,42.0,5.0,10.0
4545244,20211031,1000.0,A01,B01,C01,D01,E01,42.0,5.0,10.0
84802060,20211031,1000.0,A01,B01,C01,D01,E01,42.0,5.0,10.0
24395226,20211031,1000.0,A01,B01,C01,D01,E01,42.0,5.0,10.0
81310739,20211031,1000.0,A01,B01,C01,D01,E01,42.0,5.0,10.0
95437743,20211031,1000.0,A01,B01,C01,D01,E01,42.0,5.0,10.0
1208580,20211031,1000.0,A01,B01,C01,D01,E01,42.0,5.0,10.0
54557409,20211031,1000.0,A01,B01,C01,D01,E01,42.0,5.0,10.0
47080409,20211031,1000.0,A01,B01,C01,D01,E01,42.0,5.0,10.0
83282296,20211031,1000.0,A01,B01,C01,D01,E01,42.0,5.0,10.0
53208998,20211031,1000.0,A01,B01,C01,D01,E01,42.0,5.0,10.0
78040011,20211031,1000.0,A01,B01,C01,D01,E01,42.0,5.0,10.0
27028477,20211031,1000.0,A01,B01,C01,D01,E01,42.0,5.0,10.0
11841039,20211031,1000.0,A01,B01,C01,D01,E01,42.0,5.0,10.0
76576897,20211031,1000.0,A01,B01,C01,D01,E01,42.0,5.0,10.0
96750709,20211031,1000.0,A01,B01,C01,D01,E01,42.0,5.0,10.0
54044477,20211031,1000.0,A01,B01,C01,D01,E01,42.0,5.0,10.0
3341244,20211031,1000.0,A01,B01,C01,D01,E01,42.0,5.0,10.0
24257672,20211031,1000.0,A01,B01,C01,D01,E01,42.0,5.0,10.0
33827959,20211031,1000.0,A01,B01,C01,D01,E01,42.0,5.0,10.0
25620224,20211031,1000.0,A01,B01,C01,D01,E01,42.0,5.0,10.0
84016892,20211031,1000.0,A01,B01,C01,D01,E01,42.0,5.0,10.0
62230473,20211031,1000.0,A01,B01,C01,D01,E01,42.0,5.0,10.0
11300062,20211031,1000.0,A01,B01,C01,D01,E01,42.0,5.0,10.0
67919441,20211031,1000.0,A01,B01,C01,D01,E01,42.0,5.0,10.0
11894572,20211031,1000.0,A01,B01,C01,D01,E01,42.0,5.0,10.0
54424487,20211031,1000.0,A01,B01,C01,D01,E01,42.0,5.0,10.0
11047977,20211031,1000.0,A01,B01,C01,D01,E01,42.0,5.0,10.0
92075168,20211031,1000.0,A01,B01,C01,D01,E01,42.0,5.0,10.0
58496287,20211031,1000.0,A01,B01,C01,D01,E01,42.0,5.0,10.0
57619318,20211031,1000.0,A01,B01,C01,D01,E01,42.0,5.0,10.0
10797208,20211031,1000.0,A01,B01,C01,D01,E01,42.0,5.0,10.0
77276493,20211031,1000.0,A01,B01,C01,D01,E01,42.0,5.0,10.0
9632267,20211031,1000.0,A01,B01,C01,D01,E01,42.0,5.0,10.0
79670402,20211031,1000.0,A01,B01,C01,D01,E01,42.0,5.0,10.0
29682545,20211031,1000.0,A01,B01,C01,D01,E01,42.0,5.0,10.0
65747885,20211031,1000.0,A01,B01,C01,D01,E01,42.0,5.0,10.0
72055385,20211031,1000.0,A01,B01,C01,D01,E01,42.0,5.0,10.0
23490241,20211031,1000.0,A01,B01,C01,D01,E01,42.0,5.0,10.0
28000741,20211031,1000.0,A01,B01,C01,D01,E01,42.0,5.0,10.0
14988572,20211031,1000.0,A01,B01,C01,D01,E01,42.0,5.0,10.0
54942642,20211031,1000.0,A01,B01,C01,D01,E01,42.0,5.0,10.0
92523951,20211031,1000.0,A01,B01,C01,D01,E01,42.0,5.0,10.0
55156021,20211031,1000.0,A01,B01,C01,D01,E01,42.0,5.0,10.0
84288291,20211031,1000.0,A01,B01,C01,D01,E01,42.0,5.0,10.0
43422077,20211031,1000.0,A01,B01,C01,D01,E01,42.0,5.0,10.0
91788417,20211031,1000.0,A01,B01,C01,D01,E01,42.0,5.0,10.0
10114522,20211031,1000.0,A01,B01,C01,D01,E01,42.0,5.0,10.0
38455192,20211031,1000.0,A01,B01,C01,D01,E01,42.0,5.0,10.0
73353746,20211031,1000.0,A01,B01,C01,D01,E01,42.0,5.0,10.0
66159459,20211031,1000.0,A01,B01,C01,D01,E01,42.0,5.0,10.0
53797524,20211031,1000.0,A01,B01,C01,D01,E01,42.0,5.0,10.0
77566275,20211031,1000.0,A01,B01,C01,D01,E01,42.0,5.0,10.0
11311771,20211031,1000.0,A01,B01,C01,D01,E01,42.0,5.0,10.0
95451477,20211031,1000.0,A01,B01,C01,D01,E01,42.0,5.0,10.0
1368680,20211031,1000.0,A01,B01,C01,D01,E01,42.0,5.0,10.0
62002370,20211031,1000.0,A01,B01,C01,D01,E01,42.0,5.0,10.0
66539797,20211031,1000.0,A01,B01,C01,D01,E01,42.0,5.0,10.0
41343948,20211031,1000.0,A01,B01,C01,D01,E01,42.0,5.0,10.0
71456361,20211031,1000.0,A01,B01,C01,D01,E01,42.0,5.0,10.0
48983647,20211031,1000.0,A01,B01,C01,D01,E01,42.0,5.0,10.0
79362409,20211031,1000.0,A01,B01,C01,D01,E01,42.0,5.0,10.0
71174363,20211031,1000.0,A01,B01,C01,D01,E01,42.0,5.0,10.0
81019816,20211031,1000.0,A01,B01,C01,D01,E01,42.0,5.0,10.0
73608067,20211031,1000.0,A01,B01,C01,D01,E01,42.0,5.0,10.0
70580769,20211031,1000.0,A01,B01,C01,D01,E01,42.0,5.0,10.0
87689366,20211031,1000.0,A01,B01,C01,D01,E01,42.0,5.0,10.0
12968253,20211031,1000.0,A01,B01,C01,D01,E01,42.0,5.0,10.0
54574136,20211031,1000.0,A01,B01,C01,D01,E01,42.0,5.0,10.0
42365909,20211031,1000.0,A01,B01,C01,D01,E01,42.0,5.0,10.0
86821120,20211031,1000.0,A01,B01,C01,D01,E01,42.0,5.0,10.0
14746998,20211031,1000.0,A01,B01,C01,D01,E01,42.0,5.0,10.0
46062293,20211031,1000.0,A01,B01,C01,D01,E01,42.0,5.0,10.0
32050951,20211031,1000.0,A01,B01,C01,D01,E01,42.0,5.0,10.0
25248144,20211031,1000.0,A01,B01,C01,D01,E01,42.0,5.0,10.0
69987535,20211031,1000.0,A01,B01,C01,D01,E01,42.0,5.0,10.0
56227637,20211031,1000.0,A01,B01,C01,D01,E01,42.0,5.0,10.0
58383160,20211031,1000.0,A01,B01,C01,D01,E01,42.0,5.0,10.0
76622964,20211031,1000.0,A01,B01,C01,D01,E01,42.0,5.0,10.0
84051388,20211031,1000.0,A01,B01,C01,D01,E01,42.0,5.0,10.0
88981662,20211031,1000.0,A01,B01,C01,D01,E01,42.0,5.0,10.0
10234798,20211031,1000.0,A01,B01,C01,D01,E01,42.0,5.0,10.0
91238301,20211031,1000.0,A01,B01,C01,D01,E01,42.0,5.0,10.0
26984970,20211031,1000.0,A01,B01,C01,D01,E01,42.0,5.0,10.0
35775748,20211031,1000.0,A01,B01,C01,D01,E01,42.0,5.0,10.0
20714438,20211031,1000.0,A01,B01,C01,D01,E01,42.0,5.0,10.0
93508628,20211031,1000.0,A01,B01,C01,D01,E01,42.0,5.0,10.0
33451035,20211031,1000.0,A01,B01,C01,D01,E01,42.0,5.0,10.0
39342639,20211031,1000.0,A01,B01,C01,D01,E01,42.0,5.0,10.0
81404877,20211031,1000.0,A01,B01,C01,D01,E01,42.0,5.0,10.0
14037535,20211031,1000.0,A01,B01,C01,D01,E01,42.0,5.0,10.0
2361129,20211031,1000.0,A01,B01,C01,D01,E01,42.0,5.0,10.0
99521999,20211031,1000.0,A01,B01,C01,D01,E01,42.0,5.0,10.0
60922370,20211031,1000.0,A01,B01,C01,D01,E01,42.0,5.0,10.0
55378606,20211031,1000.0,A01,B01,C01,D01,E01,42.0,5.0,10.0
90357232,20211031,1000.0,A01,B01,C01,D01,E01,42.0,5.0,10.0
83220631,20211031,1000.0,A01,B01,C01,D01,E01,42.0,5.0,10.0
53427267,20211031,1000.0,A01,B01,C01,D01,E01,42.0,5.0,10.0
78808114,20211031,1000.0,A01,B01,C01,D01,E01,42.0,5.0,10.0
99500546,20211031,1000.0,A01,B01,C01,D01,E01,42.0,5.0,10.0
55019911,20211031,1000.0,A01,B01,C01,D01,E01,42.0,5.0,10.0
14130343,20211031,1000.0,A01,B01,C01,D01,E01,42.0,5.0,10.0
50250153,20211031,1000.0,A01,B01,C01,D01,E01,42.0,5.0,10.0
31756795,20211031,1000.0,A01,B01,C01,D01,E01,42.0,5.0,10.0
81702523,20211031,1000.0,A01,B01,C01,D01,E01,42.0,5.0,10.0
9013426,20211031,1000.0,A01,B01,C01,D01,E01,42.0,5.0,10.0
11539379,20211031,1000.0,A01,B01,C01,D01,E01,42.0,5.0,10.0
30927371,20211031,1000.0,A01,B01,C01,D01,E01,42.0,5.0,10.0
80290923,20211031,1000.0,A01,B01,C01,D01,E01,42.0,5.0,10.0
95826133,20211031,1000.0,A01,B01,C01,D01,E01,42.0,5.0,10.0
61962881,20211031,1000.0,A01,B01,C01,D01,E01,42.0,5.0,10.0
89524471,20211031,1000.0,A01,B01,C01,D01,E01,42.0,5.0,10.0
81951877,20211031,1000.0,A01,B01,C01,D01,E01,42.0,5.0,10.0
42907477,20211031,1000.0,A01,B01,C01,D01,E01,42.0,5.0,10.0
97388623,20211031,1000.0,A01,B01,C01,D01,E01,42.0,5.0,10.0
14966763,20211031,1000.0,A01,B01,C01,D01,E01,42.0,5.0,10.0
20525355,20211031,1000.0,A01,B01,C01,D01,E01,42.0,5.0,10.0
83527038,20211031,1000.0,A01,B01,C01,D01,E01,42.0,5.0,10.0
53292765,20211031,1000.0,A01,B01,C01,D01,E01,42.0,5.0,10.0
57335448,20211031,1000.0,A01,B01,C01,D01,E01,42.0,5.0,10.0
76671007,20211031,1000.0,A01,B01,C01,D01,E01,42.0,5.0,10.0
6967232,20211031,1000.0,A01,B01,C01,D01,E01,42.0,5.0,10.0
78200169,20211031,1000.0,A01,B01,C01,D01,E01,42.0,5.0,10.0
40089677,20211031,1000.0,A01,B01,C01,D01,E01,42.0,5.0,10.0
10403480,20211031,1000.0,A01,B01,C01,D01,E01,42.0,5.0,10.0
2253877,20211031,1000.0,A01,B01,C01,D01,E01,42.0,5.0,10.0
11471082,20211031,1000.0,A01,B01,C01,D01,E01,42.0,5.0,10.0
94666103,20211031,1000.0,A01,B01,C01,D01,E01,42.0,5.0,10.0
28276674,20211031,1000.0,A01,B01,C01,D01,E01,42.0,5.0,10.0
31437775,20211031,1000.0,A01,B01,C01,D01,E01,42.0,5.0,10.0
47322095,20211031,1000.0,A01,B01,C01,D01,E01,42.0,5.0,10.0
28404703,20211031,1000.0,A01,B01,C01,D01,E01,42.0,5.0,10.0
34508366,20211031,1000.0,A01,B01,C01,D01,E01,42.0,5.0,10.0
4434952,20211031,1000.0,A01,B01,C01,D01,E01,42.0,5.0,10.0
47380519,20211031,1000.0,A01,B01,C01,D01,E01,42.0,5.0,10.0
44166847,20211031,1000.0,A01,B01,C01,D01,E01,42.0,5.0,10.0
72921814,20211031,1000.0,A01,B01,C01,D01,E01,42.0,5.0,10.0
7955754,20211031,1000.0,A01,B01,C01,D01,E01,42.0,5.0,10.0
73598248,20211031,1000.0,A01,B01,C01,D01,E01,42.0,5.0,10.0
37556663,20211031,1000.0,A01,B01,C01,D01,E01,42.0,5.0,10.0
93123777,20211031,1000.0,A01,B01,C01,D01,E01,42.0,5.0,10.0
55852776,20211031,1000.0,A01,B01,C01,D01,E01,42.0,5.0,10.0
24460567,20211031,1000.0,A01,B01,C01,D01,E01,42.0,5.0,10.0
62443889,20211031,1000.0,A01,B01,C01,D01,E01,42.0,5.0,10.0
57361282,20211031,1000.0,A01,B01,C01,D01,E01,42.0,5.0,10.0
28516216,20211031,1000.0,A01,B01,C01,D01,E01,42.0,5.0,10.0
7519652,20211031,1000.0,A01,B01,C01,D01,E01,42.0,5.0,10.0
83718079,20211031,1000.0,A01,B01,C01,D01,E01,42.0,5.0,10.0
71830144,20211031,1000.0,A01,B01,C01,D01,E01,42.0,5.0,10.0
36495345,20211031,1000.0,A01,B01,C01,D01,E01,42.0,5.0,10.0
14778582,20211031,1000.0,A01,B01,C01,D01,E01,42.0,5.0,10.0
96839884,20211031,1000.0,A01,B01,C01,D01,E01,42.0,5.0,10.0
31385488,20211031,1000.0,A01,B01,C01,D01,E01,42.0,5.0,10.0
3838367,20211031,1000.0,A01,B01,C01,D01,E01,42.0,5.0,10.0
79378362,20211031,1000.0,A01,B01,C01,D01,E01,42.0,5.0,10.0
16611799,20211031,1000.0,A01,B01,C01,D01,E01,42.0,5.0,10.0
77738881,20211031,1000.0,A01,B01,C01,D01,E01,42.0,5.0,10.0
47816357,20211031,1000.0,A01,B01,C01,D01,E01,42.0,5.0,10.0
40159475,20211031,1000.0,A01,B01,C01,D01,E01,42.0,5.0,10.0
37421444,20211031,1000.0,A01,B01,C01,D01,E01,42.0,5.0,10.0
1303155,20211031,1000.0,A01,B01,C01,D01,E01,42.0,5.0,10.0
74158023,20211031,1000.0,A01,B01,C01,D01,E01,42.0,5.0,10.0
30426367,20211031,1000.0,A01,B01,C01,D01,E01,42.0,5.0,10.0
9584059,20211031,1000.0,A01,B01,C01,D01,E01,42.0,5.0,10.0
45990138,20211031,1000.0,A01,B01,C01,D01,E01,42.0,5.0,10.0
1654993,20211031,1000.0,A01,B01,C01,D01,E01,42.0,5.0,10.0
19153623,20211031,1000.0,A01,B01,C01,D01,E01,42.0,5.0,10.0
77570634,20211031,1000.0,A01,B01,C01,D01,E01,42.0,5.0,10.0
98005269,20211031,1000.0,A01,B01,C01,D01,E01,42.0,5.0,10.0
16364896,20211031,1000.0,A01,B01,C01,D01,E01,42.0,5.0,10.0
3293181,20211031,1000.0,A01,B01,C01,D01,E01,42.0,5.0,10.0
49532085,20211031,1000.0,A01,B01,C01,D01,E01,42.0,5.0,10.0
59979087,20211031,1000.0,A01,B01,C01,D01,E01,42.0,5.0,10.0
92833735,20211031,1000.0,A01,B01,C01,D01,E01,42.0,5.0,10.0
11782869,20211031,1000.0,A01,B01,C01,D01,E01,42.0,5.0,10.0
14946516,20211031,1000.0,A01,B01,C01,D01,E01,42.0,5.0,10.0
15292487,20211031,1000.0,A01,B01,C01,D01,E01,42.0,5.0,10.0
94781198,20211031,1000.0,A01,B01,C01,D01,E01,42.0,5.0,10.0
40543553,20211031,1000.0,A01,B01,C01,D01,E01,42.0,5.0,10.0
44852679,20211031,1000.0,A01,B01,C01,D01,E01,42.0,5.0,10.0
58340233,20211031,1000.0,A01,B01,C01,D01,E01,42.0,5.0,10.0
4634419,20211031,1000.0,A01,B01,C01,D01,E01,42.0,5.0,10.0
54765901,20211031,1000.0,A01,B01,C01,D01,E01,42.0,5.0,10.0
66180684,20211031,1000.0,A01,B01,C01,D01,E01,42.0,5.0,10.0
47603926,20211031,1000.0,A01,B01,C01,D01,E01,42.0,5.0,10.0
26949505,20211031,1000.0,A01,B01,C01,D01,E01,42.0,5.0,10.0
48098723,20211031,1000.0,A01,B01,C01,D01,E01,42.0,5.0,10.0
9946453,20211031,1000.0,A01,B01,C01,D01,E01,42.0,5.0,10.0
86727847,20211031,1000.0,A01,B01,C01,D01,E01,42.0,5.0,10.0
87169484,20211031,1000.0,A01,B01,C01,D01,E01,42.0,5.0,10.0
38056000,20211031,1000.0,A01,B01,C01,D01,E01,42.0,5.0,10.0
46725166,20211031,1000.0,A01,B01,C01,D01,E01,42.0,5.0,10.0
74540377,20211031,1000.0,A01,B01,C01,D01,E01,42.0,5.0,10.0
26321046,20211031,1000.0,A01,B01,C01,D01,E01,42.0,5.0,10.0
4520873,20211031,1000.0,A01,B01,C01,D01,E01,42.0,5.0,10.0
68466466,20211031,1000.0,A01,B01,C01,D01,E01,42.0,5.0,10.0
97561337,20211031,1000.0,A01,B01,C01,D01,E01,42.0,5.0,10.0
89907535,20211031,1000.0,A01,B01,C01,D01,E01,42.0,5.0,10.0
13966957,20211031,1000.0,A01,B01,C01,D01,E01,42.0,5.0,10.0
93533308,20211031,1000.0,A01,B01,C01,D01,E01,42.0,5.0,10.0
31704221,20211031,1000.0,A01,B01,C01,D01,E01,42.0,5.0,10.0
67454945,20211031,1000.0,A01,B01,C01,D01,E01,42.0,5.0,10.0
77905676,20211031,1000.0,A01,B01,C01,D01,E01,42.0,5.0,10.0
8027034,20211031,1000.0,A01,B01,C01,D01,E01,42.0,5.0,10.0
5248334,20211031,1000.0,A01,B01,C01,D01,E01,42.0,5.0,10.0
80303223,20211031,1000.0,A01,B01,C01,D01,E01,42.0,5.0,10.0
23851662,20211031,1000.0,A01,B01,C01,D01,E01,42.0,5.0,10.0
66779712,20211031,1000.0,A01,B01,C01,D01,E01,42.0,5.0,10.0
18192833,20211031,1000.0,A01,B01,C01,D01,E01,42.0,5.0,10.0
41432282,20211031,1000.0,A01,B01,C01,D01,E01,42.0,5.0,10.0
13210892,20211031,1000.0,A01,B01,C01,D01,E01,42.0,5.0,10.0
15159568,20211031,1000.0,A01,B01,C01,D01,E01,42.0,5.0,10.0
46724148,20211031,1000.0,A01,B01,C01,D01,E01,42.0,5.0,10.0
74776829,20211031,1000.0,A01,B01,C01,D01,E01,42.0,5.0,10.0
2490822,20211031,1000.0,A01,B01,C01,D01,E01,42.0,5.0,10.0
16046965,20211031,1000.0,A01,B01,C01,D01,E01,42.0,5.0,10.0
11255584,20211031,1000.0,A01,B01,C01,D01,E01,42.0,5.0,10.0
88317586,20211031,1000.0,A01,B01,C01,D01,E01,42.0,5.0,10.0
82080429,20211031,1000.0,A01,B01,C01,D01,E01,42.0,5.0,10.0
11198280,20211031,1000.0,A01,B01,C01,D01,E01,42.0,5.0,10.0
32231430,20211031,1000.0,A01,B01,C01,D01,E01,42.0,5.0,10.0
83827776,20211031,1000.0,A01,B01,C01,D01,E01,42.0,5.0,10.0
34815842,20211031,1000.0,A01,B01,C01,D01,E01,42.0,5.0,10.0
73825960,20211031,1000.0,A01,B01,C01,D01,E01,42.0,5.0,10.0
14424506,20211031,1000.0,A01,B01,C01,D01,E01,42.0,5.0,10.0
39374992,20211031,1000.0,A01,B01,C01,D01,E01,42.0,5.0,10.0
27565620,20211031,1000.0,A01,B01,C01,D01,E01,42.0,5.0,10.0
48945237,20211031,1000.0,A01,B01,C01,D01,E01,42.0,5.0,10.0
74301887,20211031,1000.0,A01,B01,C01,D01,E01,42.0,5.0,10.0
29952687,20211031,1000.0,A01,B01,C01,D01,E01,42.0,5.0,10.0
53411021,20211031,1000.0,A01,B01,C01,D01,E01,42.0,5.0,10.0
79002309,20211031,1000.0,A01,B01,C01,D01,E01,42.0,5.0,10.0
53348312,20211031,1000.0,A01,B01,C01,D01,E01,42.0,5.0,10.0
28089126,20211031,1000.0,A01,B01,C01,D01,E01,42.0,5.0,10.0
74879002,20211031,1000.0,A01,B01,C01,D01,E01,42.0,5.0,10.0
47276999,20211031,1000.0,A01,B01,C01,D01,E01,42.0,5.0,10.0
37798408,20211031,1000.0,A01,B01,C01,D01,E01,42.0,5.0,10.0
30414554,20211031,1000.0,A01,B01,C01,D01,E01,42.0,5.0,10.0
55731160,20211031,1000.0,A01,B01,C01,D01,E01,42.0,5.0,10.0
53943819,20211031,1000.0,A01,B01,C01,D01,E01,42.0,5.0,10.0
13976828,20211031,1000.0,A01,B01,C01,D01,E01,42.0,5.0,10.0
24241514,20211031,1000.0,A01,B01,C01,D01,E01,42.0,5.0,10.0
47030957,20211031,1000.0,A01,B01,C01,D01,E01,42.0,5.0,10.0
62073330,20211031,1000.0,A01,B01,C01,D01,E01,42.0,5.0,10.0
13422367,20211031,1000.0,A01,B01,C01,D01,E01,42.0,5.0,10.0
41870667,20211031,1000.0,A01,B01,C01,D01,E01,42.0,5.0,10.0
52736884,20211031,1000.0,A01,B01,C01,D01,E01,42.0,5.0,10.0
95184348,20211031,1000.0,A01,B01,C01,D01,E01,42.0,5.0,10.0
91811609,20211031,1000.0,A01,B01,C01,D01,E01,42.0,5.0,10.0
11001171,20211031,1000.0,A01,B01,C01,D01,E01,42.0,5.0,10.0
2794837,20211031,1000.0,A01,B01,C01,D01,E01,42.0,5.0,10.0
37707198,20211031,1000.0,A01,B01,C01,D01,E01,42.0,5.0,10.0
47699636,20211031,1000.0,A01,B01,C01,D01,E01,42.0,5.0,10.0
43355934,20211031,1000.0,A01,B01,C01,D01,E01,42.0,5.0,10.0
88608944,20211031,1000.0,A01,B01,C01,D01,E01,42.0,5.0,10.0
75906761,20211031,1000.0,A01,B01,C01,D01,E01,42.0,5.0,10.0
13599980,20211031,1000.0,A01,B01,C01,D01,E01,42.0,5.0,10.0
4574185,20211031,1000.0,A01,B01,C01,D01,E01,42.0,5.0,10.0
19066394,20211031,1000.0,A01,B01,C01,D01,E01,42.0,5.0,10.0
26561160,20211031,1000.0,A01,B01,C01,D01,E01,42.0,5.0,10.0
75028875,20211031,1000.0,A01,B01,C01,D01,E01,42.0,5.0,10.0
37509398,20211031,1000.0,A01,B01,C01,D01,E01,42.0,5.0,10.0
68917540,20211031,1000.0,A01,B01,C01,D01,E01,42.0,5.0,10.0
74537695,20211031,1000.0,A01,B01,C01,D01,E01,42.0,5.0,10.0
91157005,20211031,1000.0,A01,B01,C01,D01,E01,42.0,5.0,10.0
47497170,20211031,1000.0,A01,B01,C01,D01,E01,42.0,5.0,10.0
55894453,20211031,1000.0,A01,B01,C01,D01,E01,42.0,5.0,10.0
49505243,20211031,1000.0,A01,B01,C01,D01,E01,42.0,5.0,10.0
68519817,20211031,1000.0,A01,B01,C01,D01,E01,42.0,5.0,10.0
68005345,20211031,1000.0,A01,B01,C01,D01,E01,42.0,5.0,10.0
93921337,20211031,1000.0,A01,B01,C01,D01,E01,42.0,5.0,10.0
69018752,20211031,1000.0,A01,B01,C01,D01,E01,42.0,5.0,10.0
95554445,20211031,1000.0,A01,B01,C01,D01,E01,42.0,5.0,10.0
25116789,20211031,1000.0,A01,B01,C01,D01,E01,42.0,5.0,10.0
72659566,20211031,1000.0,A01,B01,C01,D01,E01,42.0,5.0,10.0
75002527,20211031,1000.0,A01,B01,C01,D01,E01,42.0,5.0,10.0
57655210,20211031,1000.0,A01,B01,C01,D01,E01,42.0,5.0,10.0
94953815,20211031,1000.0,A01,B01,C01,D01,E01,42.0,5.0,10.0
19351851,20211031,1000.0,A01,B01,C01,D01,E01,42.0,5.0,10.0
80889253,20211031,1000.0,A01,B01,C01,D01,E01,42.0,5.0,10.0
23818251,20211031,1000.0,A01,B01,C01,D01,E01,42.0,5.0,10.0
60106139,20211031,1000.0,A01,B01,C01,D01,E01,42.0,5.0,10.0
2938645,20211031,1000.0,A01,B01,C01,D01,E01,42.0,5.0,10.0
88101462,20211031,1000.0,A01,B01,C01,D01,E01,42.0,5.0,10.0
53073540,20211031,1000.0,A01,B01,C01,D01,E01,42.0,5.0,10.0
46329613,20211031,1000.0,A01,B01,C01,D01,E01,42.0,5.0,10.0
1194755,20211031,1000.0,A01,B01,C01,D01,E01,42.0,5.0,10.0
53596992,20211031,1000.0,A01,B01,C01,D01,E01,42.0,5.0,10.0
30111815,20211031,1000.0,A01,B01,C01,D01,E01,42.0,5.0,10.0
7166745,20211031,1000.0,A01,B01,C01,D01,E01,42.0,5.0,10.0
40454923,20211031,1000.0,A01,B01,C01,D01,E01,42.0,5.0,10.0
72208118,20211031,1000.0,A01,B01,C01,D01,E01,42.0,5.0,10.0
60870059,20211031,1000.0,A01,B01,C01,D01,E01,42.0,5.0,10.0
81605408,20211031,1000.0,A01,B01,C01,D01,E01,42.0,5.0,10.0
83224282,20211031,1000.0,A01,B01,C01,D01,E01,42.0,5.0,10.0
4449259,20211031,1000.0,A01,B01,C01,D01,E01,42.0,5.0,10.0
29942286,20211031,1000.0,A01,B01,C01,D01,E01,42.0,5.0,10.0
94443498,20211031,1000.0,A01,B01,C01,D01,E01,42.0,5.0,10.0
12723760,20211031,1000.0,A01,B01,C01,D01,E01,42.0,5.0,10.0
39202072,20211031,1000.0,A01,B01,C01,D01,E01,42.0,5.0,10.0
20688731,20211031,1000.0,A01,B01,C01,D01,E01,42.0,5.0,10.0
14726151,20211031,1000.0,A01,B01,C01,D01,E01,42.0,5.0,10.0
46596747,20211031,1000.0,A01,B01,C01,D01,E01,42.0,5.0,10.0
9939980,20211031,1000.0,A01,B01,C01,D01,E01,42.0,5.0,10.0
98623703,20211031,1000.0,A01,B01,C01,D01,E01,42.0,5.0,10.0
1013990,20211031,1000.0,A01,B01,C01,D01,E01,42.0,5.0,10.0
28622226,20211031,1000.0,A01,B01,C01,D01,E01,42.0,5.0,10.0
31868927,20211031,1000.0,A01,B01,C01,D01,E01,42.0,5.0,10.0
49941591,20211031,1000.0,A01,B01,C01,D01,E01,42.0,5.0,10.0
3767680,20211031,1000.0,A01,B01,C01,D01,E01,42.0,5.0,10.0
67726424,20211031,1000.0,A01,B01,C01,D01,E01,42.0,5.0,10.0
67181841,20211031,1000.0,A01,B01,C01,D01,E01,42.0,5.0,10.0
55251756,20211031,1000.0,A01,B01,C01,D01,E01,42.0,5.0,10.0
35833182,20211031,1000.0,A01,B01,C01,D01,E01,42.0,5.0,10.0
18729173,20211031,1000.0,A01,B01,C01,D01,E01,42.0,5.0,10.0
15960857,20211031,1000.0,A01,B01,C01,D01,E01,42.0,5.0,10.0
25579174,20211031,1000.0,A01,B01,C01,D01,E01,42.0,5.0,10.0
38474399,20211031,1000.0,A01,B01,C01,D01,E01,42.0,5.0,10.0
5873920,20211031,1000.0,A01,B01,C01,D01,E01,42.0,5.0,10.0
4473097,20211031,1000.0,A01,B01,C01,D01,E01,42.0,5.0,10.0
51396045,20211031,1000.0,A01,B01,C01,D01,E01,42.0,5.0,10.0
22653104,20211031,1000.0,A01,B01,C01,D01,E01,42.0,5.0,10.0
66447833,20211031,1000.0,A01,B01,C01,D01,E01,42.0,5.0,10.0
51252932,20211031,1000.0,A01,B01,C01,D01,E01,42.0,5.0,10.0
81058936,20211031,1000.0,A01,B01,C01,D01,E01,42.0,5.0,10.0
55845924,20211031,1000.0,A01,B01,C01,D01,E01,42.0,5.0,10.0
45316543,20211031,1000.0,A01,B01,C01,D01,E01,42.0,5.0,10.0
37113338,20211031,1000.0,A01,B01,C01,D01,E01,42.0,5.0,10.0
33679470,20211031,1000.0,A01,B01,C01,D01,E01,42.0,5.0,10.0
45315576,20211031,1000.0,A01,B01,C01,D01,E01,42.0,5.0,10.0
24655996,20211031,1000.0,A01,B01,C01,D01,E01,42.0,5.0,10.0
81769175,20211031,1000.0,A01,B01,C01,D01,E01,42.0,5.0,10.0
2079460,20211031,1000.0,A01,B01,C01,D01,E01,42.0,5.0,10.0
32042730,20211031,1000.0,A01,B01,C01,D01,E01,42.0,5.0,10.0
61825754,20211031,1000.0,A01,B01,C01,D01,E01,42.0,5.0,10.0
91456262,20211031,1000.0,A01,B01,C01,D01,E01,42.0,5.0,10.0
39952079,20211031,1000.0,A01,B01,C01,D01,E01,42.0,5.0,10.0
28252053,20211031,1000.0,A01,B01,C01,D01,E01,42.0,5.0,10.0
90213016,20211031,1000.0,A01,B01,C01,D01,E01,42.0,5.0,10.0
53990165,20211031,1000.0,A01,B01,C01,D01,E01,42.0,5.0,10.0
68775273,20211031,1000.0,A01,B01,C01,D01,E01,42.0,5.0,10.0
71500220,20211031,1000.0,A01,B01,C01,D01,E01,42.0,5.0,10.0
9820833,20211031,1000.0,A01,B01,C01,D01,E01,42.0,5.0,10.0
52300434,20211031,1000.0,A01,B01,C01,D01,E01,42.0,5.0,10.0
73257134,20211031,1000.0,A01,B01,C01,D01,E01,42.0,5.0,10.0
6310965,20211031,1000.0,A01,B01,C01,D01,E01,42.0,5.0,10.0
36547107,20211031,1000.0,A01,B01,C01,D01,E01,42.0,5.0,10.0
37593271,20211031,1000.0,A01,B01,C01,D01,E01,42.0,5.0,10.0
84881540,20211031,1000.0,A01,B01,C01,D01,E01,42.0,5.0,10.0
61390425,20211031,1000.0,A01,B01,C01,D01,E01,42.0,5.0,10.0
66312765,20211031,1000.0,A01,B01,C01,D01,E01,42.0,5.0,10.0
45906853,20211031,1000.0,A01,B01,C01,D01,E01,42.0,5.0,10.0
89261509,20211031,1000.0,A01,B01,C01,D01,E01,42.0,5.0,10.0
59698456,20211031,1000.0,A01,B01,C01,D01,E01,42.0,5.0,10.0
60296550,20211031,1000.0,A01,B01,C01,D01,E01,42.0,5.0,10.0
29715000,20211031,1000.0,A01,B01,C01,D01,E01,42.0,5.0,10.0
30296202,20211031,1000.0,A01,B01,C01,D01,E01,42.0,5.0,10.0
3358929,20211031,1000.0,A01,B01,C01,D01,E01,42.0,5.0,10.0
15592600,20211031,1000.0,A01,B01,C01,D01,E01,42.0,5.0,10.0
4836298,20211031,1000.0,A01,B01,C01,D01,E01,42.0,5.0,10.0
34644971,20211031,1000.0,A01,B01,C01,D01,E01,42.0,5.0,10.0
44383413,20211031,1000.0,A01,B01,C01,D01,E01,42.0,5.0,10.0
55566923,20211031,1000.0,A01,B01,C01,D01,E01,42.0,5.0,10.0
67282173,20211031,1000.0,A01,B01,C01,D01,E01,42.0,5.0,10.0
62225706,20211031,1000.0,A01,B01,C01,D01,E01,42.0,5.0,10.0
37784701,20211031,1000.0,A01,B01,C01,D01,E01,42.0,5.0,10.0
26749403,20211031,1000.0,A01,B01,C01,D01,E01,42.0,5.0,10.0
6159312,20211031,1000.0,A01,B01,C01,D01,E01,42.0,5.0,10.0
88677902,20211031,1000.0,A01,B01,C01,D01,E01,42.0,5.0,10.0
77604210,20211031,1000.0,A01,B01,C01,D01,E01,42.0,5.0,10.0
24244207,20211031,1000.0,A01,B01,C01,D01,E01,42.0,5.0,10.0
93520137,20211031,1000.0,A01,B01,C01,D01,E01,42.0,5.0,10.0
46121993,20211031,1000.0,A01,B01,C01,D01,E01,42.0,5.0,10.0
79655133,20211031,1000.0,A01,B01,C01,D01,E01,42.0,5.0,10.0
74834033,20211031,1000.0,A01,B01,C01,D01,E01,42.0,5.0,10.0
49769760,20211031,1000.0,A01,B01,C01,D01,E01,42.0,5.0,10.0
37980652,20211031,1000.0,A01,B01,C01,D01,E01,42.0,5.0,10.0
91453235,20211031,1000.0,A01,B01,C01,D01,E01,42.0,5.0,10.0
19686554,20211031,1000.0,A01,B01,C01,D01,E01,42.0,5.0,10.0
6893312,20211031,1000.0,A01,B01,C01,D01,E01,42.0,5.0,10.0
29133967,20211031,1000.0,A01,B01,C01,D01,E01,42.0,5.0,10.0
45335172,20211031,1000.0,A01,B01,C01,D01,E01,42.0,5.0,10.0
96770974,20211031,1000.0,A01,B01,C01,D01,E01,42.0,5.0,10.0
44962731,20211031,1000.0,A01,B01,C01,D01,E01,42.0,5.0,10.0
68421828,20211031,1000.0,A01,B01,C01,D01,E01,42.0,5.0,10.0
4293435,20211031,1000.0,A01,B01,C01,D01,E01,42.0,5.0,10.0
88963563,20211031,1000.0,A01,B01,C01,D01,E01,42.0,5.0,10.0
6539683,20211031,1000.0,A01,B01,C01,D01,E01,42.0,5.0,10.0
44077335,20211031,1000.0,A01,B01,C01,D01,E01,42.0,5.0,10.0
6683133,20211031,1000.0,A01,B01,C01,D01,E01,42.0,5.0,10.0
58433227,20211031,1000.0,A01,B01,C01,D01,E01,42.0,5.0,10.0
3043561,20211031,1000.0,A01,B01,C01,D01,E01,42.0,5.0,10.0
96376171,20211031,1000.0,A01,B01,C01,D01,E01,42.0,5.0,10.0
97258118,20211031,1000.0,A01,B01,C01,D01,E01,42.0,5.0,10.0
94698023,20211031,1000.0,A01,B01,C01,D01,E01,42.0,5.0,10.0
37502990,20211031,1000.0,A01,B01,C01,D01,E01,42.0,5.0,10.0
90279207,20211031,1000.0,A01,B01,C01,D01,E01,42.0,5.0,10.0
34423766,20211031,1000.0,A01,B01,C01,D01,E01,42.0,5.0,10.0
13296659,20211031,1000.0,A01,B01,C01,D01,E01,42.0,5.0,10.0
96037627,20211031,1000.0,A01,B01,C01,D01,E01,42.0,5.0,10.0
51372304,20211031,1000.0,A01,B01,C01,D01,E01,42.0,5.0,10.0
21527628,20211031,1000.0,A01,B01,C01,D01,E01,42.0,5.0,10.0
25717661,20211031,1000.0,A01,B01,C01,D01,E01,42.0,5.0,10.0
74512676,20211031,1000.0,A01,B01,C01,D01,E01,42.0,5.0,10.0
26500083,20211031,1000.0,A01,B01,C01,D01,E01,42.0,5.0,10.0
36512964,20211031,1000.0,A01,B01,C01,D01,E01,42.0,5.0,10.0
44597564,20211031,1000.0,A01,B01,C01,D01,E01,42.0,5.0,10.0
76554114,20211031,1000.0,A01,B01,C01,D01,E01,42.0,5.0,10.0
68089076,20211031,1000.0,A01,B01,C01,D01,E01,42.0,5.0,10.0
29470027,20211031,1000.0,A01,B01,C01,D01,E01,42.0,5.0,10.0
6518014,20211031,1000.0,A01,B01,C01,D01,E01,42.0,5.0,10.0
68118235,20211031,1000.0,A01,B01,C01,D01,E01,42.0,5.0,10.0
32009498,20211031,1000.0,A01,B01,C01,D01,E01,42.0,5.0,10.0
69236877,20211031,1000.0,A01,B01,C01,D01,E01,42.0,5.0,10.0
79563067,20211031,1000.0,A01,B01,C01,D01,E01,42.0,5.0,10.0
25513924,20211031,1000.0,A01,B01,C01,D01,E01,42.0,5.0,10.0
20559342,20211031,1000.0,A01,B01,C01,D01,E01,42.0,5.0,10.0
96300127,20211031,1000.0,A01,B01,C01,D01,E01,42.0,5.0,10.0
4294049,20211031,1000.0,A01,B01,C01,D01,E01,42.0,5.0,10.0
41512662,20211031,1000.0,A01,B01,C01,D01,E01,42.0,5.0,10.0
66077234,20211031,1000.0,A01,B01,C01,D01,E01,42.0,5.0,10.0
13420322,20211031,1000.0,A01,B01,C01,D01,E01,42.0,5.0,10.0
19855302,20211031,1000.0,A01,B01,C01,D01,E01,42.0,5.0,10.0
50096137,20211031,1000.0,A01,B01,C01,D01,E01,42.0,5.0,10.0
39992385,20211031,1000.0,A01,B01,C01,D01,E01,42.0,5.0,10.0
65771857,20211031,1000.0,A01,B01,C01,D01,E01,42.0,5.0,10.0
37923579,20211031,1000.0,A01,B01,C01,D01,E01,42.0,5.0,10.0
97571236,20211031,1000.0,A01,B01,C01,D01,E01,42.0,5.0,10.0
41170770,20211031,1000.0,A01,B01,C01,D01,E01,42.0,5.0,10.0
97707645,20211031,1000.0,A01,B01,C01,D01,E01,42.0,5.0,10.0
24918530,20211031,1000.0,A01,B01,C01,D01,E01,42.0,5.0,10.0
40120676,20211031,1000.0,A01,B01,C01,D01,E01,42.0,5.0,10.0
34321551,20211031,1000.0,A01,B01,C01,D01,E01,42.0,5.0,10.0
91883290,20211031,1000.0,A01,B01,C01,D01,E01,42.0,5.0,10.0
3034317,20211031,1000.0,A01,B01,C01,D01,E01,42.0,5.0,10.0
38044575,20211031,1000.0,A01,B01,C01,D01,E01,42.0,5.0,10.0
12432298,20211031,1000.0,A01,B01,C01,D01,E01,42.0,5.0,10.0
43231809,20211031,1000.0,A01,B01,C01,D01,E01,42.0,5.0,10.0
18956374,20211031,1000.0,A01,B01,C01,D01,E01,42.0,5.0,10.0
56389689,20211031,1000.0,A01,B01,C01,D01,E01,42.0,5.0,10.0
8037069,20211031,1000.0,A01,B01,C01,D01,E01,42.0,5.0,10.0
63176449,20211031,1000.0,A01,B01,C01,D01,E01,42.0,5.0,10.0
42160804,20211031,1000.0,A01,B01,C01,D01,E01,42.0,5.0,10.0
15566006,20211031,1000.0,A01,B01,C01,D01,E01,42.0,5.0,10.0
36638392,20211031,1000.0,A01,B01,C01,D01,E01,42.0,5.0,10.0
22987690,20211031,1000.0,A01,B01,C01,D01,E01,42.0,5.0,10.0
48408624,20211031,1000.0,A01,B01,C01,D01,E01,42.0,5.0,10.0
38415243,20211031,1000.0,A01,B01,C01,D01,E01,42.0,5.0,10.0
14792297,20211031,1000.0,A01,B01,C01,D01,E01,42.0,5.0,10.0
7625930,20211031,1000.0,A01,B01,C01,D01,E01,42.0,5.0,10.0
73074388,20211031,1000.0,A01,B01,C01,D01,E01,42.0,5.0,10.0
72986438,20211031,1000.0,A01,B01,C01,D01,E01,42.0,5.0,10.0
7854492,20211031,1000.0,A01,B01,C01,D01,E01,42.0,5.0,10.0
36193280,20211031,1000.0,A01,B01,C01,D01,E01,42.0,5.0,10.0
64196311,20211031,1000.0,A01,B01,C01,D01,E01,42.0,5.0,10.0
85626932,20211031,1000.0,A01,B01,C01,D01,E01,42.0,5.0,10.0
71637063,20211031,1000.0,A01,B01,C01,D01,E01,42.0,5.0,10.0
32627895,20211031,1000.0,A01,B01,C01,D01,E01,42.0,5.0,10.0
27800418,20211031,1000.0,A01,B01,C01,D01,E01,42.0,5.0,10.0
13437593,20211031,1000.0,A01,B01,C01,D01,E01,42.0,5.0,10.0
82594062,20211031,1000.0,A01,B01,C01,D01,E01,42.0,5.0,10.0
81752722,20211031,1000.0,A01,B01,C01,D01,E01,42.0,5.0,10.0
57345100,20211031,1000.0,A01,B01,C01,D01,E01,42.0,5.0,10.0
5536379,20211031,1000.0,A01,B01,C01,D01,E01,42.0,5.0,10.0
52477331,20211031,1000.0,A01,B01,C01,D01,E01,42.0,5.0,10.0
80566825,20211031,1000.0,A01,B01,C01,D01,E01,42.0,5.0,10.0
2967861,20211031,1000.0,A01,B01,C01,D01,E01,42.0,5.0,10.0
72661267,20211031,1000.0,A01,B01,C01,D01,E01,42.0,5.0,10.0
46274912,20211031,1000.0,A01,B01,C01,D01,E01,42.0,5.0,10.0
27082796,20211031,1000.0,A01,B01,C01,D01,E01,42.0,5.0,10.0
69736669,20211031,1000.0,A01,B01,C01,D01,E01,42.0,5.0,10.0
7248464,20211031,1000.0,A01,B01,C01,D01,E01,42.0,5.0,10.0
2322309,20211031,1000.0,A01,B01,C01,D01,E01,42.0,5.0,10.0
99431405,20211031,1000.0,A01,B01,C01,D01,E01,42.0,5.0,10.0
52874087,20211031,1000.0,A01,B01,C01,D01,E01,42.0,5.0,10.0
82316203,20211031,1000.0,A01,B01,C01,D01,E01,42.0,5.0,10.0
65639044,20211031,1000.0,A01,B01,C01,D01,E01,42.0,5.0,10.0
36964396,20211031,1000.0,A01,B01,C01,D01,E01,42.0,5.0,10.0
86504213,20211031,1000.0,A01,B01,C01,D01,E01,42.0,5.0,10.0
33717332,20211031,1000.0,A01,B01,C01,D01,E01,42.0,5.0,10.0
36141023,20211031,1000.0,A01,B01,C01,D01,E01,42.0,5.0,10.0
9886484,20211031,1000.0,A01,B01,C01,D01,E01,42.0,5.0,10.0
79229286,20211031,1000.0,A01,B01,C01,D01,E01,42.0,5.0,10.0
2620720,20211031,1000.0,A01,B01,C01,D01,E01,42.0,5.0,10.0
5630479,20211031,1000.0,A01,B01,C01,D01,E01,42.0,5.0,10.0
91372340,20211031,1000.0,A01,B01,C01,D01,E01,42.0,5.0,10.0
12330213,20211031,1000.0,A01,B01,C01,D01,E01,42.0,5.0,10.0
89046641,20211031,1000.0,A01,B01,C01,D01,E01,42.0,5.0,10.0
27221222,20211031,1000.0,A01,B01,C01,D01,E01,42.0,5.0,10.0
72741122,20211031,1000.0,A01,B01,C01,D01,E01,42.0,5.0,10.0
53748402,20211031,1000.0,A01,B01,C01,D01,E01,42.0,5.0,10.0
91846905,20211031,1000.0,A01,B01,C01,D01,E01,42.0,5.0,10.0
77440365,20211031,1000.0,A01,B01,C01,D01,E01,42.0,5.0,10.0
76339936,20211031,1000.0,A01,B01,C01,D01,E01,42.0,5.0,10.0
69398472,20211031,1000.0,A01,B01,C01,D01,E01,42.0,5.0,10.0
85225525,20211031,1000.0,A01,B01,C01,D01,E01,42.0,5.0,10.0
41103028,20211031,1000.0,A01,B01,C01,D01,E01,42.0,5.0,10.0
34097118,20211031,1000.0,A01,B01,C01,D01,E01,42.0,5.0,10.0
78134743,20211031,1000.0,A01,B01,C01,D01,E01,42.0,5.0,10.0
97561064,20211031,1000.0,A01,B01,C01,D01,E01,42.0,5.0,10.0
31577392,20211031,1000.0,A01,B01,C01,D01,E01,42.0,5.0,10.0
24547668,20211031,1000.0,A01,B01,C01,D01,E01,42.0,5.0,10.0
48328879,20211031,1000.0,A01,B01,C01,D01,E01,42.0,5.0,10.0
5944102,20211031,1000.0,A01,B01,C01,D01,E01,42.0,5.0,10.0
89342046,20211031,1000.0,A01,B01,C01,D01,E01,42.0,5.0,10.0
2411084,20211031,1000.0,A01,B01,C01,D01,E01,42.0,5.0,10.0
76415424,20211031,1000.0,A01,B01,C01,D01,E01,42.0,5.0,10.0
51852077,20211031,1000.0,A01,B01,C01,D01,E01,42.0,5.0,10.0
88210518,20211031,1000.0,A01,B01,C01,D01,E01,42.0,5.0,10.0
21547462,20211031,1000.0,A01,B01,C01,D01,E01,42.0,5.0,10.0
43673731,20211031,1000.0,A01,B01,C01,D01,E01,42.0,5.0,10.0
64464013,20211031,1000.0,A01,B01,C01,D01,E01,42.0,5.0,10.0
56536881,20211031,1000.0,A01,B01,C01,D01,E01,42.0,5.0,10.0
46378272,20211031,1000.0,A01,B01,C01,D01,E01,42.0,5.0,10.0
96913349,20211031,1000.0,A01,B01,C01,D01,E01,42.0,5.0,10.0
25222999,20211031,1000.0,A01,B01,C01,D01,E01,42.0,5.0,10.0
89829116,20211031,1000.0,A01,B01,C01,D01,E01,42.0,5.0,10.0
77516821,20211031,1000.0,A01,B01,C01,D01,E01,42.0,5.0,10.0
56904407,20211031,1000.0,A01,B01,C01,D01,E01,42.0,5.0,10.0
34452965,20211031,1000.0,A01,B01,C01,D01,E01,42.0,5.0,10.0
8132271,20211031,1000.0,A01,B01,C01,D01,E01,42.0,5.0,10.0
20139115,20211031,1000.0,A01,B01,C01,D01,E01,42.0,5.0,10.0
78080024,20211031,1000.0,A01,B01,C01,D01,E01,42.0,5.0,10.0
99894281,20211031,1000.0,A01,B01,C01,D01,E01,42.0,5.0,10.0
95906696,20211031,1000.0,A01,B01,C01,D01,E01,42.0,5.0,10.0
49819075,20211031,1000.0,A01,B01,C01,D01,E01,42.0,5.0,10.0
10828241,20211031,1000.0,A01,B01,C01,D01,E01,42.0,5.0,10.0
52564440,20211031,1000.0,A01,B01,C01,D01,E01,42.0,5.0,10.0
57454466,20211031,1000.0,A01,B01,C01,D01,E01,42.0,5.0,10.0
78412165,20211031,1000.0,A01,B01,C01,D01,E01,42.0,5.0,10.0
46703176,20211031,1000.0,A01,B01,C01,D01,E01,42.0,5.0,10.0
21109584,20211031,1000.0,A01,B01,C01,D01,E01,42.0,5.0,10.0
65253049,20211031,1000.0,A01,B01,C01,D01,E01,42.0,5.0,10.0
93411439,20211031,1000.0,A01,B01,C01,D01,E01,42.0,5.0,10.0
35048202,20211031,1000.0,A01,B01,C01,D01,E01,42.0,5.0,10.0
66655833,20211031,1000.0,A01,B01,C01,D01,E01,42.0,5.0,10.0
30427337,20211031,1000.0,A01,B01,C01,D01,E01,42.0,5.0,10.0
74073030,20211031,1000.0,A01,B01,C01,D01,E01,42.0,5.0,10.0
49224563,20211031,1000.0,A01,B01,C01,D01,E01,42.0,5.0,10.0
94352667,20211031,1000.0,A01,B01,C01,D01,E01,42.0,5.0,10.0
49151534,20211031,1000.0,A01,B01,C01,D01,E01,42.0,5.0,10.0
54869247,20211031,1000.0,A01,B01,C01,D01,E01,42.0,5.0,10.0
18443315,20211031,1000.0,A01,B01,C01,D01,E01,42.0,5.0,10.0
65719857,20211031,1000.0,A01,B01,C01,D01,E01,42.0,5.0,10.0
63784743,20211031,1000.0,A01,B01,C01,D01,E01,42.0,5.0,10.0
52049973,20211031,1000.0,A01,B01,C01,D01,E01,42.0,5.0,10.0
28245948,20211031,1000.0,A01,B01,C01,D01,E01,42.0,5.0,10.0
50900292,20211031,1000.0,A01,B01,C01,D01,E01,42.0,5.0,10.0
16384480,20211031,1000.0,A01,B01,C01,D01,E01,42.0,5.0,10.0
86888137,20211031,1000.0,A01,B01,C01,D01,E01,42.0,5.0,10.0
25618985,20211031,1000.0,A01,B01,C01,D01,E01,42.0,5.0,10.0
39025106,20211031,1000.0,A01,B01,C01,D01,E01,42.0,5.0,10.0
54453934,20211031,1000.0,A01,B01,C01,D01,E01,42.0,5.0,10.0
58713277,20211031,1000.0,A01,B01,C01,D01,E01,42.0,5.0,10.0
20107904,20211031,1000.0,A01,B01,C01,D01,E01,42.0,5.0,10.0
64857112,20211031,1000.0,A01,B01,C01,D01,E01,42.0,5.0,10.0
84474217,20211031,1000.0,A01,B01,C01,D01,E01,42.0,5.0,10.0
78128030,20211031,1000.0,A01,B01,C01,D01,E01,42.0,5.0,10.0
17230691,20211031,1000.0,A01,B01,C01,D01,E01,42.0,5.0,10.0
29307751,20211031,1000.0,A01,B01,C01,D01,E01,42.0,5.0,10.0
87491664,20211031,1000.0,A01,B01,C01,D01,E01,42.0,5.0,10.0
18979483,20211031,1000.0,A01,B01,C01,D01,E01,42.0,5.0,10.0
97271167,20211031,1000.0,A01,B01,C01,D01,E01,42.0,5.0,10.0
25637186,20211031,1000.0,A01,B01,C01,D01,E01,42.0,5.0,10.0
7658303,20211031,1000.0,A01,B01,C01,D01,E01,42.0,5.0,10.0
84672707,20211031,1000.0,A01,B01,C01,D01,E01,42.0,5.0,10.0
88233505,20211031,1000.0,A01,B01,C01,D01,E01,42.0,5.0,10.0
10941305,20211031,1000.0,A01,B01,C01,D01,E01,42.0,5.0,10.0
67775043,20211031,1000.0,A01,B01,C01,D01,E01,42.0,5.0,10.0
95912131,20211031,1000.0,A01,B01,C01,D01,E01,42.0,5.0,10.0
29575344,20211031,1000.0,A01,B01,C01,D01,E01,42.0,5.0,10.0
55610373,20211031,1000.0,A01,B01,C01,D01,E01,42.0,5.0,10.0
14355256,20211031,1000.0,A01,B01,C01,D01,E01,42.0,5.0,10.0
83693176,20211031,1000.0,A01,B01,C01,D01,E01,42.0,5.0,10.0
30599608,20211031,1000.0,A01,B01,C01,D01,E01,42.0,5.0,10.0
8971088,20211031,1000.0,A01,B01,C01,D01,E01,42.0,5.0,10.0
28202536,20211031,1000.0,A01,B01,C01,D01,E01,42.0,5.0,10.0
17055521,20211031,1000.0,A01,B01,C01,D01,E01,42.0,5.0,10.0
45030044,20211031,1000.0,A01,B01,C01,D01,E01,42.0,5.0,10.0
20153226,20211031,1000.0,A01,B01,C01,D01,E01,42.0,5.0,10.0
23869190,20211031,1000.0,A01,B01,C01,D01,E01,42.0,5.0,10.0
79318025,20211031,1000.0,A01,B01,C01,D01,E01,42.0,5.0,10.0
17264768,20211031,1000.0,A01,B01,C01,D01,E01,42.0,5.0,10.0
29848328,20211031,1000.0,A01,B01,C01,D01,E01,42.0,5.0,10.0
74454416,20211031,1000.0,A01,B01,C01,D01,E01,42.0,5.0,10.0
28164398,20211031,1000.0,A01,B01,C01,D01,E01,42.0,5.0,10.0
10508065,20211031,1000.0,A01,B01,C01,D01,E01,42.0,5.0,10.0
49738747,20211031,1000.0,A01,B01,C01,D01,E01,42.0,5.0,10.0
66793671,20211031,1000.0,A01,B01,C01,D01,E01,42.0,5.0,10.0
90959556,20211031,1000.0,A01,B01,C01,D01,E01,42.0,5.0,10.0
37187658,20211031,1000.0,A01,B01,C01,D01,E01,42.0,5.0,10.0
73458571,20211031,1000.0,A01,B01,C01,D01,E01,42.0,5.0,10.0
35911711,20211031,1000.0,A01,B01,C01,D01,E01,42.0,5.0,10.0
76100399,20211031,1000.0,A01,B01,C01,D01,E01,42.0,5.0,10.0
4674558,20211031,1000.0,A01,B01,C01,D01,E01,42.0,5.0,10.0
64616048,20211031,1000.0,A01,B01,C01,D01,E01,42.0,5.0,10.0
89853089,20211031,1000.0,A01,B01,C01,D01,E01,42.0,5.0,10.0
37655465,20211031,1000.0,A01,B01,C01,D01,E01,42.0,5.0,10.0
21535596,20211031,1000.0,A01,B01,C01,D01,E01,42.0,5.0,10.0
89019807,20211031,1000.0,A01,B01,C01,D01,E01,42.0,5.0,10.0
38301746,20211031,1000.0,A01,B01,C01,D01,E01,42.0,5.0,10.0
46968781,20211031,1000.0,A01,B01,C01,D01,E01,42.0,5.0,10.0
17024972,20211031,1000.0,A01,B01,C01,D01,E01,42.0,5.0,10.0
84578254,20211031,1000.0,A01,B01,C01,D01,E01,42.0,5.0,10.0
78100062,20211031,1000.0,A01,B01,C01,D01,E01,42.0,5.0,10.0
8681781,20211031,1000.0,A01,B01,C01,D01,E01,42.0,5.0,10.0
18667655,20211031,1000.0,A01,B01,C01,D01,E01,42.0,5.0,10.0
40406738,20211031,1000.0,A01,B01,C01,D01,E01,42.0,5.0,10.0
35623783,20211031,1000.0,A01,B01,C01,D01,E01,42.0,5.0,10.0
2588939,20211031,1000.0,A01,B01,C01,D01,E01,42.0,5.0,10.0
99483905,20211031,1000.0,A01,B01,C01,D01,E01,42.0,5.0,10.0
8934676,20211031,1000.0,A01,B01,C01,D01,E01,42.0,5.0,10.0
79364590,20211031,1000.0,A01,B01,C01,D01,E01,42.0,5.0,10.0
39135566,20211031,1000.0,A01,B01,C01,D01,E01,42.0,5.0,10.0
1197918,20211031,1000.0,A01,B01,C01,D01,E01,42.0,5.0,10.0
70610490,20211031,1000.0,A01,B01,C01,D01,E01,42.0,5.0,10.0
47694675,20211031,1000.0,A01,B01,C01,D01,E01,42.0,5.0,10.0
15868038,20211031,1000.0,A01,B01,C01,D01,E01,42.0,5.0,10.0
62425525,20211031,1000.0,A01,B01,C01,D01,E01,42.0,5.0,10.0
17237660,20211031,1000.0,A01,B01,C01,D01,E01,42.0,5.0,10.0
93402621,20211031,1000.0,A01,B01,C01,D01,E01,42.0,5.0,10.0
8963040,20211031,1000.0,A01,B01,C01,D01,E01,42.0,5.0,10.0
46750376,20211031,1000.0,A01,B01,C01,D01,E01,42.0,5.0,10.0
67010076,20211031,1000.0,A01,B01,C01,D01,E01,42.0,5.0,10.0
31678190,20211031,1000.0,A01,B01,C01,D01,E01,42.0,5.0,10.0
6344277,20211031,1000.0,A01,B01,C01,D01,E01,42.0,5.0,10.0
2082967,20211031,1000.0,A01,B01,C01,D01,E01,42.0,5.0,10.0
94794415,20211031,1000.0,A01,B01,C01,D01,E01,42.0,5.0,10.0
66956270,20211031,1000.0,A01,B01,C01,D01,E01,42.0,5.0,10.0
38308060,20211031,1000.0,A01,B01,C01,D01,E01,42.0,5.0,10.0
21086364,20211031,1000.0,A01,B01,C01,D01,E01,42.0,5.0,10.0
71317039,20211031,1000.0,A01,B01,C01,D01,E01,42.0,5.0,10.0
91558724,20211031,1000.0,A01,B01,C01,D01,E01,42.0,5.0,10.0
95599888,20211031,1000.0,A01,B01,C01,D01,E01,42.0,5.0,10.0
62343415,20211031,1000.0,A01,B01,C01,D01,E01,42.0,5.0,10.0
89851872,20211031,1000.0,A01,B01,C01,D01,E01,42.0,5.0,10.0
62601383,20211031,1000.0,A01,B01,C01,D01,E01,42.0,5.0,10.0
85859342,20211031,1000.0,A01,B01,C01,D01,E01,42.0,5.0,10.0
44591337,20211031,1000.0,A01,B01,C01,D01,E01,42.0,5.0,10.0
52926870,20211031,1000.0,A01,B01,C01,D01,E01,42.0,5.0,10.0
14851583,20211031,1000.0,A01,B01,C01,D01,E01,42.0,5.0,10.0
27159196,20211031,1000.0,A01,B01,C01,D01,E01,42.0,5.0,10.0
41809047,20211031,1000.0,A01,B01,C01,D01,E01,42.0,5.0,10.0
15941972,20211031,1000.0,A01,B01,C01,D01,E01,42.0,5.0,10.0
87427494,20211031,1000.0,A01,B01,C01,D01,E01,42.0,5.0,10.0
13286828,20211031,1000.0,A01,B01,C01,D01,E01,42.0,5.0,10.0
39697097,20211031,1000.0,A01,B01,C01,D01,E01,42.0,5.0,10.0
71919802,20211031,1000.0,A01,B01,C01,D01,E01,42.0,5.0,10.0
27047919,20211031,1000.0,A01,B01,C01,D01,E01,42.0,5.0,10.0
95482810,20211031,1000.0,A01,B01,C01,D01,E01,42.0,5.0,10.0
13036784,20211031,1000.0,A01,B01,C01,D01,E01,42.0,5.0,10.0
86756445,20211031,1000.0,A01,B01,C01,D01,E01,42.0,5.0,10.0
53630767,20211031,1000.0,A01,B01,C01,D01,E01,42.0,5.0,10.0
27408613,20211031,1000.0,A01,B01,C01,D01,E01,42.0,5.0,10.0
36903596,20211031,1000.0,A01,B01,C01,D01,E01,42.0,5.0,10.0
26664569,20211031,1000.0,A01,B01,C01,D01,E01,42.0,5.0,10.0
72824209,20211031,1000.0,A01,B01,C01,D01,E01,42.0,5.0,10.0
76046588,20211031,1000.0,A01,B01,C01,D01,E01,42.0,5.0,10.0
3074228,20211031,1000.0,A01,B01,C01,D01,E01,42.0,5.0,10.0
85647670,20211031,1000.0,A01,B01,C01,D01,E01,42.0,5.0,10.0
81938027,20211031,1000.0,A01,B01,C01,D01,E01,42.0,5.0,10.0
76990275,20211031,1000.0,A01,B01,C01,D01,E01,42.0,5.0,10.0
51234426,20211031,1000.0,A01,B01,C01,D01,E01,42.0,5.0,10.0
3867226,20211031,1000.0,A01,B01,C01,D01,E01,42.0,5.0,10.0
20323232,20211031,1000.0,A01,B01,C01,D01,E01,42.0,5.0,10.0
48587723,20211031,1000.0,A01,B01,C01,D01,E01,42.0,5.0,10.0
78693286,20211031,1000.0,A01,B01,C01,D01,E01,42.0,5.0,10.0
37532641,20211031,1000.0,A01,B01,C01,D01,E01,42.0,5.0,10.0
2015515,20211031,1000.0,A01,B01,C01,D01,E01,42.0,5.0,10.0
47898875,20211031,1000.0,A01,B01,C01,D01,E01,42.0,5.0,10.0
99676093,20211031,1000.0,A01,B01,C01,D01,E01,42.0,5.0,10.0
99099551,20211031,1000.0,A01,B01,C01,D01,E01,42.0,5.0,10.0
20642856,20211031,1000.0,A01,B01,C01,D01,E01,42.0,5.0,10.0
1783071,20211031,1000.0,A01,B01,C01,D01,E01,42.0,5.0,10.0
17292874,20211031,1000.0,A01,B01,C01,D01,E01,42.0,5.0,10.0
63412296,20211031,1000.0,A01,B01,C01,D01,E01,42.0,5.0,10.0
58477116,20211031,1000.0,A01,B01,C01,D01,E01,42.0,5.0,10.0
73943821,20211031,1000.0,A01,B01,C01,D01,E01,42.0,5.0,10.0
24192935,20211031,1000.0,A01,B01,C01,D01,E01,42.0,5.0,10.0
1725157,20211031,1000.0,A01,B01,C01,D01,E01,42.0,5.0,10.0
27649656,20211031,1000.0,A01,B01,C01,D01,E01,42.0,5.0,10.0
81137909,20211031,1000.0,A01,B01,C01,D01,E01,42.0,5.0,10.0
24944608,20211031,1000.0,A01,B01,C01,D01,E01,42.0,5.0,10.0
77047788,20211031,1000.0,A01,B01,C01,D01,E01,42.0,5.0,10.0
70383408,20211031,1000.0,A01,B01,C01,D01,E01,42.0,5.0,10.0
66224027,20211031,1000.0,A01,B01,C01,D01,E01,42.0,5.0,10.0
50980172,20211031,1000.0,A01,B01,C01,D01,E01,42.0,5.0,10.0
69931260,20211031,1000.0,A01,B01,C01,D01,E01,42.0,5.0,10.0
59222463,20211031,1000.0,A01,B01,C01,D01,E01,42.0,5.0,10.0
19469488,20211031,1000.0,A01,B01,C01,D01,E01,42.0,5.0,10.0
75252712,20211031,1000.0,A01,B01,C01,D01,E01,42.0,5.0,10.0
45277950,20211031,1000.0,A01,B01,C01,D01,E01,42.0,5.0,10.0
33574826,20211031,1000.0,A01,B01,C01,D01,E01,42.0,5.0,10.0
1909339,20211031,1000.0,A01,B01,C01,D01,E01,42.0,5.0,10.0
71087673,20211031,1000.0,A01,B01,C01,D01,E01,42.0,5.0,10.0
86532794,20211031,1000.0,A01,B01,C01,D01,E01,42.0,5.0,10.0
40430147,20211031,1000.0,A01,B01,C01,D01,E01,42.0,5.0,10.0
93590592,20211031,1000.0,A01,B01,C01,D01,E01,42.0,5.0,10.0
13721129,20211031,1000.0,A01,B01,C01,D01,E01,42.0,5.0,10.0
50405260,20211031,1000.0,A01,B01,C01,D01,E01,42.0,5.0,10.0
48043921,20211031,1000.0,A01,B01,C01,D01,E01,42.0,5.0,10.0
87991063,20211031,1000.0,A01,B01,C01,D01,E01,42.0,5.0,10.0
52519746,20211031,1000.0,A01,B01,C01,D01,E01,42.0,5.0,10.0
9519342,20211031,1000.0,A01,B01,C01,D01,E01,42.0,5.0,10.0
77109152,20211031,1000.0,A01,B01,C01,D01,E01,42.0,5.0,10.0
27755228,20211031,1000.0,A01,B01,C01,D01,E01,42.0,5.0,10.0
4725174,20211031,1000.0,A01,B01,C01,D01,E01,42.0,5.0,10.0
86652557,20211031,1000.0,A01,B01,C01,D01,E01,42.0,5.0,10.0
95225549,20211031,1000.0,A01,B01,C01,D01,E01,42.0,5.0,10.0
20098891,20211031,1000.0,A01,B01,C01,D01,E01,42.0,5.0,10.0
36527641,20211031,1000.0,A01,B01,C01,D01,E01,42.0,5.0,10.0
7488421,20211031,1000.0,A01,B01,C01,D01,E01,42.0,5.0,10.0
69825660,20211031,1000.0,A01,B01,C01,D01,E01,42.0,5.0,10.0
20807622,20211031,1000.0,A01,B01,C01,D01,E01,42.0,5.0,10.0
73818897,20211031,1000.0,A01,B01,C01,D01,E01,42.0,5.0,10.0
34834363,20211031,1000.0,A01,B01,C01,D01,E01,42.0,5.0,10.0
22473229,20211031,1000.0,A01,B01,C01,D01,E01,42.0,5.0,10.0
34044866,20211031,1000.0,A01,B01,C01,D01,E01,42.0,5.0,10.0
14519056,20211031,1000.0,A01,B01,C01,D01,E01,42.0,5.0,10.0
